{"version":20,"hash":{"type":"Buffer","data":"lt0JIc1kdsP/9DpCzwRnOeA1AmnYns4k+t8BoxASP01Vs4s1KbexVt9QKWY4w+z+ID0iZJfblTH+jYFyh4hsYxq6h+nC2jCI0X3u19xVAs7hBXsgtRXjLCyEqaXaJFFEVridOw5EMnXfgOMyUV5QRM2XMOYp4DrwwGidp2HWxcI="},"indexValueMap":{"A0PiMuZUgtbqjQR8ZnPytiTyAPVU4DOLNJMn5mbNYBw=":{"valueMac":{"type":"Buffer","data":"jrj8HQU4d/lFBPTniGJngHb/6tGkAUlb6aNp2dxKFk4="}},"GQK1/hnxAk7PDGl+/ukYg9C1LjGKkYSMqstDrLVwI28=":{"valueMac":{"type":"Buffer","data":"N9yl91Ls8YlzA8oKXIoVjUG04dFs93hoWKTSYVnaEVo="}},"HKxnt2bfy54kRA3REyV6dgWZfwjo6u3KU82A/2c0tnU=":{"valueMac":{"type":"Buffer","data":"gRVGZt7Gec2rpz5wcF88MAv5BlSq9+dnPJZYA3FPu/s="}},"Ngxi5N8dtfD+gVBzi8Q4yHeckbBZakspCNFejelm6S0=":{"valueMac":{"type":"Buffer","data":"6qfsgL5eY3MqVgR3EwSkGCZ3YDmwX/Vf6xBIMShh71c="}},"SfTS4gMXqJ0L5k9EX5V9mXf8a8Gc92DcTaT4z5TL6Kk=":{"valueMac":{"type":"Buffer","data":"XeT/KM6ju/Yl+jMm4TSJIAp9j/0NLW+UUOcZK9JIFY4="}},"UGXFNK11VHq61ZT6hW29FKbZYqV8uNc51gMSd4YKxBg=":{"valueMac":{"type":"Buffer","data":"Q52sX4XTXZDMONKxJ7McmajGrC8wr16JjK+8kBhHgmw="}},"Uq6Ep7M61qwpNi3kUf/JSzOG4fFaPr4ggrz7Bx7Cv0o=":{"valueMac":{"type":"Buffer","data":"pweLGwPQbJcmLRMbZcoBIwk9Q1T/zceGqFB6HdhL+ZE="}},"Zu4uru9uQzioAKlXJmDP9IntOe1Ga1fiu0Kes66ZMzM=":{"valueMac":{"type":"Buffer","data":"EbDooQlAMOjRn4W/31hKDC9eUjPcw5FWrT+DgYwFJ3Q="}},"eSy1sgQWTPtXS+2L6HBrvGHa1h9p6fvj6xzSB4xCZMA=":{"valueMac":{"type":"Buffer","data":"+MK2SwLDqJG5Ek4Lr/jJRIJ/oZJ+VeQeVI1YEfAG/dc="}},"gzb3qWdq10j53ZuSoPQf3lBWgqUlvo8IJEcr26reySM=":{"valueMac":{"type":"Buffer","data":"ncsQWxZtDmAIjn6XfgtcWNwbp8Hai/jVoXIKz913quM="}},"hW57/gdNrhRRUrHJgvgTCkRZ07NzlkIx9ypSjBOBLKc=":{"valueMac":{"type":"Buffer","data":"r9xMrVgcDMHVB+wXUq+gXocNRprX9FwDKj8uciNCdRo="}},"hoLgti7moN8XjADoqHpnz8Ux1OKXFJbFy8jhNaImig4=":{"valueMac":{"type":"Buffer","data":"r3M6jk2dbsjcRMQH7qD1DlJgwQ7cLvGpDslRHyxvURQ="}},"igNbrQrOfFyNxkpFCe/6uMk9pFZPJLrs14mR1HyVVuI=":{"valueMac":{"type":"Buffer","data":"4o4Y/URN/w8RS380r6SBSlQfC3rz8JlFNIi8iJx/W7A="}},"l9lvLJqQOjkn6G9fK1daTKJSjKKmsauFsZxIHxdCTeE=":{"valueMac":{"type":"Buffer","data":"v+KiuwjHuAOgHpb4ZRzGv0tcNeVlih3VRY7pcYEd7GI="}},"nCkfU1JLpyCtFNrE9DWMRbKubnvRD4yWo7aJIs3jFHs=":{"valueMac":{"type":"Buffer","data":"SqilXYIORFmfHE0ghWO84XclUbDkeO5jKK8sCkZESzU="}},"oE9LTjGaT7V9EALSkSvzIK/PfYETI4TixH05AOrix/M=":{"valueMac":{"type":"Buffer","data":"fJup0uMS1S2wUdrp1aYo8hVS62mo3kiJ1wI9cLOWiFw="}},"pxEKHj4ybmTO8UrjeTgR0LSozGA5XQIyJCLk+tz/Ku4=":{"valueMac":{"type":"Buffer","data":"k2jLW4iKCsx4uficWYe4E9UZOfZqLBUruYoYM4XRuiA="}},"usZxxdZcgjW8MgJ6FcaCYdoeb4fYCeoQM3ohAQsIqdU=":{"valueMac":{"type":"Buffer","data":"gm/t84Cs1isq1EEPdCTQtf1eMRoT6WlHnpDxdE5duXI="}},"xS/IUUG5+zGq9t/lcUVqV1UblQA9xzSIb29KpYLjX0c=":{"valueMac":{"type":"Buffer","data":"A9bOhE6WMJbIwlPWdHBScUVpkKDHbvndsX/f5aa2lQA="}},"yWMBbhCn5z04Ia4lJoYdfrvqpvXD+Bn1dgu9ILC7Xns=":{"valueMac":{"type":"Buffer","data":"7YBsSUa+Hyjbdil/zjlhwN45vMSbaWUX7uq++nDPy7Y="}},"0sa+KIbwy23Erz+3fUZuL6PNq6vpra/OFSd5rrgK644=":{"valueMac":{"type":"Buffer","data":"guKqJxuH6HTKyB5/0z9NzKgZe3qoUHsd/in/LMfxq7w="}},"263KTl1mPGwyl0naWwWu13OLHN4AlmOzhK3mcYYLF9g=":{"valueMac":{"type":"Buffer","data":"eGkB2Hx7jUpykVZjPkvBQT70a2vNGcr/301fCzyJ4Zg="}},"3HIC6hOe4ImbIl8Hi1JK7uJkV/pmwMMkqYoxZXDtJgM=":{"valueMac":{"type":"Buffer","data":"sBhdUn7+73gx0VWdk103nu9afHTFvxJpZY0BGymp7AM="}},"6a3bTvTnW83Y1My/tPWs5sgje3rJYuiZmwGFWy2SMz4=":{"valueMac":{"type":"Buffer","data":"9l9sDcMPcrqkq8TPWL5nI3uUl7x/9k7JyedNaZMSqQk="}},"8nXuUcNx+wX6LVjzhD3Z4mmy7xYQBNb2elpLhRbM2Ww=":{"valueMac":{"type":"Buffer","data":"ve1s3P7U3BiWjP0vWxEqELddOuw3VtUAZkORCu0hUtI="}},"/j4iNELgqO1qE6hP1686+2HqZw6SV3hRXh0berAnGLU=":{"valueMac":{"type":"Buffer","data":"o3CNaBoXt7PjlxPhUvZvhkGQ0V80Vz6xDZDIVVo4XbU="}},"7C5fK++7IlWCeB1XqmkPjHzrr+vRQu1D4HrrIWqOk5o=":{"valueMac":{"type":"Buffer","data":"NEUeaBX5zLQVBAKhWjt6srOEgppQXRnIpkPhujgGr0I="}},"Djm7qPzevdU0cb32RYxdcOPbmrHXa8sAahnlU5r1jXw=":{"valueMac":{"type":"Buffer","data":"IoEyaCtcPjMbia/Gn1LlI3tPZrf22B6P3Vn0X9WRKaI="}},"vGDj91c8v7OK6q2Du3LwzFmhtaBnZ7Sd1fmWD3KcVGk=":{"valueMac":{"type":"Buffer","data":"rtlef83gD3ifc5MrIwxkMh7ULnj3lohLznBrPWKe3t8="}}}}