{"noiseKey":{"private":{"type":"Buffer","data":"GLum6hJKa6/AVwBL6vlqZOKbwjiUZEkftjp0kKfXhHo="},"public":{"type":"Buffer","data":"F7gLXN5YYyAICZAAzq6yPMUNJUuEodCE2P0GR5OiLD4="}},"signedIdentityKey":{"private":{"type":"Buffer","data":"CAnd1jBvtv0BChB+EY4MlsoNnNDLuOOocoehYQBq4W8="},"public":{"type":"Buffer","data":"P5TIJ/tvLWF7fAqAalMlxUU/zNkeE22ateKkBOJ+XxQ="}},"signedPreKey":{"keyPair":{"private":{"type":"Buffer","data":"6HY/CSBRQTJH2q1f1gbXqw8qpGGwNfB9bBAxrNPZQ20="},"public":{"type":"Buffer","data":"I4cyOHVTsSoKAItiNC8ALzMFOPOKto2WKSi0Ukw/DXc="}},"signature":{"type":"Buffer","data":"4R3Q4O+fAVj4CKo6QRB7TGPkT4smQCrh2a4vqSFkWj6Tuv9cNCZd6nt2eFmEzheSZQaqMY6q9AyXVzpCCipjCw=="},"keyId":1},"registrationId":64,"advSecretKey":"OVRoFZonm5mGikq56PyHPN3dseme3VQRdis+GWqyjVc=","processedHistoryMessages":[{"key":{"remoteJid":"6281936686235@s.whatsapp.net","fromMe":true,"id":"348E55A3150362B93A76B2B01C484400"},"messageTimestamp":1693104340},{"key":{"remoteJid":"6281936686235@s.whatsapp.net","fromMe":true,"id":"1CD1CE938048886685F51C255CA01A11"},"messageTimestamp":1693104343}],"nextPreKeyId":61,"firstUnuploadedPreKeyId":61,"accountSettings":{"unarchiveChats":false},"account":{"details":"CLGHw5gCELbxqqcGGAg=","accountSignatureKey":"W3MA9xCQZa8SogAajXWvvGd7M3eCCBUIFl64NJFxdVs=","accountSignature":"o3/MUb+197nWpUn04vB0wQmi38G6THYSLrG4tdiHXYtVlxD+hkrN0zAU4yGA2PSq9usMpclzgWHLNzKwYQmpBg==","deviceSignature":"7UgkzTBcr/dOw7v6YqZloeJ4qNPGHcSz1rYu4d2NxEmahKTv0UTt1CLAPn67Z/kDVVg5CgYaNLXvHgdIUKsxAw=="},"me":{"id":"6281936686235:8@s.whatsapp.net","name":"bot","jid":"6281936686235@s.whatsapp.net"},"signalIdentities":[{"identifier":{"name":"6281936686235:8@s.whatsapp.net","deviceId":0},"identifierKey":{"type":"Buffer","data":"BVtzAPcQkGWvEqIAGo11r7xnezN3gggVCBZeuDSRcXVb"}}],"platform":"smba","lastAccountSyncTimestamp":1693106092,"myAppStateKeyId":"AAAAAMC2"}