[{"senderKeyId":1953770234,"senderChainKey":{"iteration":1,"seed":"HQS9+2jOLumLXBtiRangLsjgoycd44oxWZ+tYQ8CVvI="},"senderSigningKey":{"public":"BaJbIIKRxqFjIdf2kuQrV3Wwi9yZTW65KFI0FKL5PvZ6"},"senderMessageKeys":[]},{"senderKeyId":1697476437,"senderChainKey":{"iteration":6,"seed":"67qNZvQ8HwRP5Y0QluS+dr/DmCH4xHfaubWwu0exGEE="},"senderSigningKey":{"public":"BXCNqOFs59rYv6QDzQ4hbo4BaQLAG3X+bipH3LkrVBsL"},"senderMessageKeys":[{},{}]},{"senderKeyId":1697476437,"senderChainKey":{"iteration":3,"seed":"4J01Bc7Vj6TwGgIGfBAq0AqpBllrM5EAfDv6UbaeO9Y="},"senderSigningKey":{"public":"BXCNqOFs59rYv6QDzQ4hbo4BaQLAG3X+bipH3LkrVBsL"},"senderMessageKeys":[]},{"senderKeyId":1697476437,"senderChainKey":{"iteration":3,"seed":"4J01Bc7Vj6TwGgIGfBAq0AqpBllrM5EAfDv6UbaeO9Y="},"senderSigningKey":{"public":"BXCNqOFs59rYv6QDzQ4hbo4BaQLAG3X+bipH3LkrVBsL"},"senderMessageKeys":[]}]