[{"senderKeyId":1953872468,"senderChainKey":{"iteration":1,"seed":"xIuVPKuBLbf42xPDeGqMXsnwqxrFa53EdBFqVHnJCpE="},"senderSigningKey":{"public":"BY/GpL4oSC5StCBXrRVSp9Fe4/zwjUT5TcKJsk0dc2tU"},"senderMessageKeys":[]},{"senderKeyId":1044291338,"senderChainKey":{"iteration":1,"seed":"p5Q2sDWeFcvrZHA1T22oM1RXr6qtBnSo7HunWFJMLSE="},"senderSigningKey":{"public":"BXegqoLgHXoldMiYAjchYL62fDKYODU4jfW6QU16nnAU"},"senderMessageKeys":[]},{"senderKeyId":1841999412,"senderChainKey":{"iteration":7,"seed":"+hliNXGVHjYR2XdLyrRzym23EmMaJgDhs1wBEInVSQQ="},"senderSigningKey":{"public":"BYzfRqeNZxSETj+gdHmK85dV9B77Tcasa7fXBahacE9f"},"senderMessageKeys":[]}]