[{"senderKeyId":1451573802,"senderChainKey":{"iteration":1,"seed":"zDm7LG2l4o7ImojVxnkKLqJYw+7dRzioUrQv8h+hBH0="},"senderSigningKey":{"public":"BfpNp7dNQ2QATinqscEjqYPnAsgB159qQL4zLZJRcj9a"},"senderMessageKeys":[]},{"senderKeyId":323576619,"senderChainKey":{"iteration":3,"seed":"aAbKYYlBeGWWBt8q8qhep9j8woAU4Cvirn5fU50GcUM="},"senderSigningKey":{"public":"Be3jbmoLy9mLBjE8UIhzzNonHxLUC7m7SLZd9g2/k3Bq"},"senderMessageKeys":[{}]},{"senderKeyId":323576619,"senderChainKey":{"iteration":2,"seed":"1VVq7U9dPtxQRZR60fFbKZIzSo87J8b2quG6+2g2o64="},"senderSigningKey":{"public":"Be3jbmoLy9mLBjE8UIhzzNonHxLUC7m7SLZd9g2/k3Bq"},"senderMessageKeys":[]}]