{"_sessions":{"BVXBs4Vd4A8Bg0sQkvBfxhmeTT0lQfYN15mlS9Juw1c3":{"registrationId":611476220,"currentRatchet":{"ephemeralKeyPair":{"pubKey":"BTZOPgDiXsLhkLgj1xRaTlUNFBeISB8mXiCqezwo6TZ9","privKey":"QDIicOOIia6A5sV/hoot+F/QjLIAlULfb3VvlG7/vHA="},"lastRemoteEphemeralKey":"BdZ9bEEJJPjpj04wpDtpPRNURn6K2rOjQHEKxudnBetK","previousCounter":0,"rootKey":"glqCEQ6Nh0R1nN0+GdfvH67RwGzmF+c2H9GCOmeeQ+o="},"indexInfo":{"baseKey":"BVXBs4Vd4A8Bg0sQkvBfxhmeTT0lQfYN15mlS9Juw1c3","baseKeyType":1,"closed":-1,"used":1693104389911,"created":1693104389911,"remoteIdentityKey":"BTjz3ALIEbGp+I0aUaraCZy5++g7XV26xPlFn/YtpSU+"},"_chains":{"BTZOPgDiXsLhkLgj1xRaTlUNFBeISB8mXiCqezwo6TZ9":{"chainKey":{"counter":0,"key":"9A094PF6hRf+/XXD96n55HiOGCqgT986Z8s3Rv2Yf8g="},"chainType":1,"messageKeys":{}}},"pendingPreKey":{"signedKeyId":1,"baseKey":"BVXBs4Vd4A8Bg0sQkvBfxhmeTT0lQfYN15mlS9Juw1c3","preKeyId":16350205}}},"version":"v1"}