{"_sessions":{"BfC+w6O69LqprlzvexNBp0FJ6/jcJqJmj2a6Z8cD1IwP":{"registrationId":165,"currentRatchet":{"ephemeralKeyPair":{"pubKey":"BRP2Z2S3inBj6+6NkQ3nbV4uQoWGwyLpfeeeLTm3GW1f","privKey":"MPGfDc6WRj90nl4cvqSZPI27d4SSXB5jVCd9+ZuzU0M="},"lastRemoteEphemeralKey":"BTazb8SS6cCfSvf5w3OamTWrUtQee6bzVRqhz70WVm1P","previousCounter":0,"rootKey":"lUU7bOGE3khUq8omhH98OSKBNZjQo8X3b/ITD7+iWXk="},"indexInfo":{"baseKey":"BfC+w6O69LqprlzvexNBp0FJ6/jcJqJmj2a6Z8cD1IwP","baseKeyType":2,"closed":-1,"used":1693106127593,"created":1693106127593,"remoteIdentityKey":"BXvXUauL3XirqbI4M7Lm3wVRCtYyv5vg+R/qNVg4kjEX"},"_chains":{"BTazb8SS6cCfSvf5w3OamTWrUtQee6bzVRqhz70WVm1P":{"chainKey":{"counter":0,"key":"xTzSSjX5bQxe5RJPPSR5F70yoDZV70dS5eo+rVHN2+c="},"chainType":2,"messageKeys":{}},"BRP2Z2S3inBj6+6NkQ3nbV4uQoWGwyLpfeeeLTm3GW1f":{"chainKey":{"counter":-1,"key":"b5coWdpMMtaRSLmTTq0ZwzBb6NyBNfHQ1M+GYZX5Su4="},"chainType":1,"messageKeys":{}}}}},"version":"v1"}