{"_sessions":{"BbCkb2962betwjhn1D8XaYr9LbBidm+SoppTLmqTdUlj":{"registrationId":513093888,"currentRatchet":{"ephemeralKeyPair":{"pubKey":"Bd6bfBxZ87/VLhUFQ+QUxGdnn5q1zkujJTMhtWlQBbZB","privKey":"AG+sfCZU7wDP9LuonaUED6q6lFl5GQtNn4hXKN6FxH8="},"lastRemoteEphemeralKey":"BSG/Iwk54Uo72PxmJUDRbo2MypXCwyqVgL1waRrwgoET","previousCounter":0,"rootKey":"cJksEQ2LB2qP0RL87qSTp5u9dfI/kZfmwxd/1noXNYw="},"indexInfo":{"baseKey":"BbCkb2962betwjhn1D8XaYr9LbBidm+SoppTLmqTdUlj","baseKeyType":2,"closed":-1,"used":1693106100990,"created":1693106100990,"remoteIdentityKey":"BW8IiGFx+8KmUInQW9BZ7P9Ad6C6o+aYOEwBnRRCt3Rl"},"_chains":{"BSG/Iwk54Uo72PxmJUDRbo2MypXCwyqVgL1waRrwgoET":{"chainKey":{"counter":0,"key":"qgSIoczh15Y0mw0IWCYClt1YA7wLC7KjOLel8UgS9/Y="},"chainType":2,"messageKeys":{}},"Bd6bfBxZ87/VLhUFQ+QUxGdnn5q1zkujJTMhtWlQBbZB":{"chainKey":{"counter":-1,"key":"UpTxKCjXEXyVHUsdFCC4olLy2ZPT222blYpUiKVwlwM="},"chainType":1,"messageKeys":{}}}}},"version":"v1"}