{"_sessions":{"Bcof48qi3ZHr3T4C9szjKgTjd2wX+EdsoHdZorislup1":{"registrationId":429468673,"currentRatchet":{"ephemeralKeyPair":{"pubKey":"BWmBv3p5PGEqI+Og3YgJx2S9GCpRwZUeFdMFMCWaGxIz","privKey":"8AFuARyKvVhQ++2clQzPZ+KpdceQo/lGPD0lr4T6LmU="},"lastRemoteEphemeralKey":"BT5/H7L6oBigJhYMfvF+/lmDVNWe1uvTpTbjwuD2kT9G","previousCounter":0,"rootKey":"8+TLh6J7kT5wZ+YVzBcrpN9i1yUiHgCm7ljEehj/f2I="},"indexInfo":{"baseKey":"Bcof48qi3ZHr3T4C9szjKgTjd2wX+EdsoHdZorislup1","baseKeyType":1,"closed":-1,"used":1693104350011,"created":1693104350011,"remoteIdentityKey":"BUyljtYiY2nsN/OLWuWzLiYQU8Ynf/MDjgShI9b+uQ1J"},"_chains":{"BWmBv3p5PGEqI+Og3YgJx2S9GCpRwZUeFdMFMCWaGxIz":{"chainKey":{"counter":0,"key":"1DAEVBSXWWkRCLR2BycdK2Q4YfY89PDUoX69pXD/4Dk="},"chainType":1,"messageKeys":{}}},"pendingPreKey":{"signedKeyId":3,"baseKey":"Bcof48qi3ZHr3T4C9szjKgTjd2wX+EdsoHdZorislup1","preKeyId":1379022}}},"version":"v1"}