{"_sessions":{"BerYaOiW+zUbzlxVOpFEGeB/44u5xQ8VitpH19HtOeMr":{"registrationId":146936648,"currentRatchet":{"ephemeralKeyPair":{"pubKey":"BfF1Jq5lbBaRHgxtVTIrCUV0QYf1m+vZiLexGyCAeVhp","privKey":"wAKVGKJz05EuOD9mIzcSGEcV1PinNGoL89PFxiV9qH0="},"lastRemoteEphemeralKey":"BX6WEM62Oell2WyACmKE9tVZDx6rJlmwStOlAKl2R1MI","previousCounter":0,"rootKey":"h+fFbLt/7t+sFfSSiEPZ0pKVu6L0seZW8bCEa1q27+o="},"indexInfo":{"baseKey":"BerYaOiW+zUbzlxVOpFEGeB/44u5xQ8VitpH19HtOeMr","baseKeyType":2,"closed":-1,"used":1693106101244,"created":1693106101244,"remoteIdentityKey":"BYX7M0T3IzncZ9H+/vgVLpjkUA3Ec2SZPlMKF3DTi44x"},"_chains":{"BX6WEM62Oell2WyACmKE9tVZDx6rJlmwStOlAKl2R1MI":{"chainKey":{"counter":0,"key":"8tFfnTWudrZN0PxSjor4U2BswpV4VBh0FUrP5oskjiw="},"chainType":2,"messageKeys":{}},"BfF1Jq5lbBaRHgxtVTIrCUV0QYf1m+vZiLexGyCAeVhp":{"chainKey":{"counter":-1,"key":"qQc0ZDSIQwS9aiXTW3mVQj27j2mozGcY7H/I9DfUZ5g="},"chainType":1,"messageKeys":{}}}}},"version":"v1"}