{"_sessions":{"Bb1mUqw4w1HIODG6oDblyCgzwVyU0GEpXllVHntMKCEw":{"registrationId":979039942,"currentRatchet":{"ephemeralKeyPair":{"pubKey":"Be+Xio44tSPhH9yj046HJq+XKbJ0PQ2ZesgfDvMmR4Up","privKey":"CHFrbK5m8UbwDNVQnEbNJf9YdtWVWLTpUB81KF2viXw="},"lastRemoteEphemeralKey":"BShg+KbiEmiGiQaxPf5XtFG4aZvwDqjGLbaejrc3s7tR","previousCounter":0,"rootKey":"iu5u7fpQ8RPBwYysSFWNN9DGVeevgTX++Jy1sQE473U="},"indexInfo":{"baseKey":"Bb1mUqw4w1HIODG6oDblyCgzwVyU0GEpXllVHntMKCEw","baseKeyType":1,"closed":-1,"used":1693104389532,"created":1693104389532,"remoteIdentityKey":"BXCKpjLXGDSO4GE3KNHdRyy9g63l7YmjyNcQKv+fHtF4"},"_chains":{"Be+Xio44tSPhH9yj046HJq+XKbJ0PQ2ZesgfDvMmR4Up":{"chainKey":{"counter":0,"key":"fu0m86e4bRL8ZJq3Wsnc1aI5vOuxDK3tmPO7EdQzmlg="},"chainType":1,"messageKeys":{}}},"pendingPreKey":{"signedKeyId":7,"baseKey":"Bb1mUqw4w1HIODG6oDblyCgzwVyU0GEpXllVHntMKCEw","preKeyId":72908}}},"version":"v1"}