{"_sessions":{"BWGrqiGc13r7PjY4o/mGsPWaJE2wuTSTdiN8TkUXsAIR":{"registrationId":1090660851,"currentRatchet":{"ephemeralKeyPair":{"pubKey":"BfS0YS5VuiadQlsuPz7+QQfRLMb+P9CBmdFs80TyzvJW","privKey":"EP3jN6j9Yh0PKnSIA6+bBFAaLFZHDn1Cp7Q3J8aClH4="},"lastRemoteEphemeralKey":"BYNMzelYA1UFt9CIVWCe8aPOXHk6VYiQR2CSpucUXrIv","previousCounter":0,"rootKey":"LlrrPeBt535h2aRxOyiVVYjIgvmQp7IH9584w9JZOn8="},"indexInfo":{"baseKey":"BWGrqiGc13r7PjY4o/mGsPWaJE2wuTSTdiN8TkUXsAIR","baseKeyType":1,"closed":-1,"used":1693104350098,"created":1693104350098,"remoteIdentityKey":"BVWKJiNxQX9kHKdm3gd3XHxnD2wyUWVEuyA6kptcNncy"},"_chains":{"BfS0YS5VuiadQlsuPz7+QQfRLMb+P9CBmdFs80TyzvJW":{"chainKey":{"counter":0,"key":"PtypfnLLQcoatt0GS3YDB8HDvpid+lkLwK0qxYWlLV0="},"chainType":1,"messageKeys":{}}},"pendingPreKey":{"signedKeyId":12196018,"baseKey":"BWGrqiGc13r7PjY4o/mGsPWaJE2wuTSTdiN8TkUXsAIR","preKeyId":11515}}},"version":"v1"}