{"_sessions":{"BbaN8OTEqU2sdR4L/uJnsrIeGQsmccdCIgh1x7F5KRhj":{"registrationId":546265624,"currentRatchet":{"ephemeralKeyPair":{"pubKey":"BZWNcXMNgRYqXagNqwLNAFj6ZByEQFcDu+gj2zjXSQoO","privKey":"QJ4gEjx+2OOkrhavNcs1+K6pczxc6/XlL8tBWqo7EWY="},"lastRemoteEphemeralKey":"BWMwoVygOIpVSyM1utxWzMlXAqJKElZWHkcffq0tNMtm","previousCounter":0,"rootKey":"bbzIrmrtdmHbs61vQPaTeQfxJHRGY2OtN9ZOYSPxuCc="},"indexInfo":{"baseKey":"BbaN8OTEqU2sdR4L/uJnsrIeGQsmccdCIgh1x7F5KRhj","baseKeyType":1,"closed":-1,"used":1693104389824,"created":1693104389824,"remoteIdentityKey":"BRw65AqgfkjhCZ5aQtxhCWLy3vvE+BGiHHiDXyNq3mBg"},"_chains":{"BZWNcXMNgRYqXagNqwLNAFj6ZByEQFcDu+gj2zjXSQoO":{"chainKey":{"counter":0,"key":"+//FlqcTWNDcxbBkEEKTXUCVbMOw6xhllbUaCfUlMuQ="},"chainType":1,"messageKeys":{}}},"pendingPreKey":{"signedKeyId":3,"baseKey":"BbaN8OTEqU2sdR4L/uJnsrIeGQsmccdCIgh1x7F5KRhj","preKeyId":7398176}}},"version":"v1"}