{"_sessions":{"BcJtqo4DRIFZAZXCR5ykCKyqmeSif4nMSrwldVuJSDAJ":{"registrationId":981205615,"currentRatchet":{"ephemeralKeyPair":{"pubKey":"BdmycFBKPmsf23W/4c4dubxBaUFvdhwaXho949z6ymhx","privKey":"SOLrY9Qp5X3yJc2VylKgql0HrErPKJF6g6xHCYXLTVQ="},"lastRemoteEphemeralKey":"Be8aYp0fFhv1mBxQB6/8miVBWvgdErzURTnZeHWtiYYf","previousCounter":0,"rootKey":"tO7H+ljqrJUkM9YMVclHExyqvq1cLlC4NY0cn6dKaLI="},"indexInfo":{"baseKey":"BcJtqo4DRIFZAZXCR5ykCKyqmeSif4nMSrwldVuJSDAJ","baseKeyType":1,"closed":-1,"used":1693104389423,"created":1693104389423,"remoteIdentityKey":"BfR3MZTiuelnf/kLoj1Cslqh9f3U8rwRVfcZvLyt1rIU"},"_chains":{"BdmycFBKPmsf23W/4c4dubxBaUFvdhwaXho949z6ymhx":{"chainKey":{"counter":0,"key":"IwBOi2JHcaQorFfiFo84kBjz15g4q6T/fi6VyJjBJWM="},"chainType":1,"messageKeys":{}}},"pendingPreKey":{"signedKeyId":1,"baseKey":"BcJtqo4DRIFZAZXCR5ykCKyqmeSif4nMSrwldVuJSDAJ","preKeyId":3483763}}},"version":"v1"}