{"_sessions":{"BW3QE9F5D0cC9IElRwZwt0gJfiD8AZ+U/bFrZIZFJmcp":{"registrationId":144696750,"currentRatchet":{"ephemeralKeyPair":{"pubKey":"BRhSNeWNEHozPWAcFeZqeNdu1ocsVv34fBHFu33tgBpL","privKey":"oBR58oqVt+rcGEQ5hZmySqyP1viPHyPcmLBHnA2zrHc="},"lastRemoteEphemeralKey":"BUYkjOsLYRHu6ULxXm+YsKc8ugcVSjgyorZHdY7t+GQ8","previousCounter":0,"rootKey":"cjsDzJu1LDniJbTAXhUB8lYonBoBycPH86WVYKnEjRA="},"indexInfo":{"baseKey":"BW3QE9F5D0cC9IElRwZwt0gJfiD8AZ+U/bFrZIZFJmcp","baseKeyType":1,"closed":-1,"used":1693106127250,"created":1693104349881,"remoteIdentityKey":"BdJY2tvhdcl2Z+0XdccBOGs0LTqFmFtboD6nSrBU5fIG"},"_chains":{"BUYkjOsLYRHu6ULxXm+YsKc8ugcVSjgyorZHdY7t+GQ8":{"chainKey":{"counter":0,"key":"+8hw/20OqiOy+uXlZoJuDrDffWRC14M7fOvU7OXVZR4="},"chainType":2,"messageKeys":{}},"BRhSNeWNEHozPWAcFeZqeNdu1ocsVv34fBHFu33tgBpL":{"chainKey":{"counter":-1,"key":"2NaEC/eXZ0lTaHjVrRIKpyn/VlkMjFIefFaXbqizeMk="},"chainType":1,"messageKeys":{}}}}},"version":"v1"}