{"_sessions":{"BTu1WY2wgUG/5lzai078PR3iFSJaYmRJI/pqG3uTLkIp":{"registrationId":1803930421,"currentRatchet":{"ephemeralKeyPair":{"pubKey":"BZTg7R/Wwp73AdvDZB4G+2NWKJrq8FBD+qo4Cly3O8Al","privKey":"qHJdW7J9aLg1mq9b/SmgnH4P4UOSqoRLeKcS9bVuLlo="},"lastRemoteEphemeralKey":"BbSKernHJx5WEPVfg20HwglcEbZzn0WwH5aC/hDOkqN+","previousCounter":0,"rootKey":"cGAllu8XvkPPLo87GhK++wUiONIlcbPQL7DM7ugxgrw="},"indexInfo":{"baseKey":"BTu1WY2wgUG/5lzai078PR3iFSJaYmRJI/pqG3uTLkIp","baseKeyType":1,"closed":1693104324608,"used":1693104344966,"created":1693104324302,"remoteIdentityKey":"BVtzAPcQkGWvEqIAGo11r7xnezN3gggVCBZeuDSRcXVb"},"_chains":{"BbSKernHJx5WEPVfg20HwglcEbZzn0WwH5aC/hDOkqN+":{"chainKey":{"counter":4,"key":"aKeexHn9gLlWfEfKPhf8NUa34hzwYvA+hyHODQMnl1U="},"chainType":2,"messageKeys":{}},"BZTg7R/Wwp73AdvDZB4G+2NWKJrq8FBD+qo4Cly3O8Al":{"chainKey":{"counter":-1,"key":"/kJxQ+t41PyHaUqZKCL744Tp8XlQMbWyoQ2fqVn14S8="},"chainType":1,"messageKeys":{}}}},"BdCJlXvd3WjxRAIBHpir24YDvWI0S5bvu19WcBtcb3d8":{"registrationId":1803930421,"currentRatchet":{"ephemeralKeyPair":{"pubKey":"BX0o/3Ss8Voj5Vm1I1XwPruADG5WOxlydR9rnZoXKeE9","privKey":"oIB36xeAaROdyd2r1QIesww5Pc/pVCqX2vn7I41d53s="},"lastRemoteEphemeralKey":"BbSKernHJx5WEPVfg20HwglcEbZzn0WwH5aC/hDOkqN+","previousCounter":-1,"rootKey":"Ig7cEvmC3LKRkZnhJge0XmEnz0XkBSzFPJT5iqGFFTU="},"indexInfo":{"baseKey":"BdCJlXvd3WjxRAIBHpir24YDvWI0S5bvu19WcBtcb3d8","baseKeyType":2,"closed":1693104352121,"used":1693104324631,"created":1693104324631,"remoteIdentityKey":"BVtzAPcQkGWvEqIAGo11r7xnezN3gggVCBZeuDSRcXVb"},"_chains":{"BecWPfz1wpsx2kjpGGshj8l8WGW7MDILsLLtAdqmSHRr":{"chainKey":{"counter":0},"chainType":2,"messageKeys":{}},"BbSKernHJx5WEPVfg20HwglcEbZzn0WwH5aC/hDOkqN+":{"chainKey":{"counter":0,"key":"rzxwfgOTohlPCmAmcS04kY5xhSCR2TDCFcG/FIB+Ezc="},"chainType":2,"messageKeys":{}},"BX0o/3Ss8Voj5Vm1I1XwPruADG5WOxlydR9rnZoXKeE9":{"chainKey":{"counter":-1,"key":"iefwWhiby8xqdaUuL4sX4a5dka5h5i6miv4sXWHFc/Q="},"chainType":1,"messageKeys":{}}}},"Bfu/OVuYP9THEubnk2CIfQrWGDBoG1y/CmnsexhUhj8v":{"registrationId":1803930421,"currentRatchet":{"ephemeralKeyPair":{"pubKey":"BUq27IRZ3XoM3MLF/Gl91PuXLuWwG5bFPcYtIwBxTSUB","privKey":"sLn+bfdQiixo38OSW6lenES5eqJOxrrwMGDVJ3ojfkw="},"lastRemoteEphemeralKey":"BUkH3dz6QVJuoiX/sf2vSvQqsAN7qod9ERH2u7dCwOU+","previousCounter":0,"rootKey":"TVsgJUuNT7SoEXywPUQ/pCS36E1v8eYBxjzbHiLtD38="},"indexInfo":{"baseKey":"Bfu/OVuYP9THEubnk2CIfQrWGDBoG1y/CmnsexhUhj8v","baseKeyType":1,"closed":1693104391565,"used":1693104352105,"created":1693104352105,"remoteIdentityKey":"BVtzAPcQkGWvEqIAGo11r7xnezN3gggVCBZeuDSRcXVb"},"_chains":{"BUq27IRZ3XoM3MLF/Gl91PuXLuWwG5bFPcYtIwBxTSUB":{"chainKey":{"counter":5,"key":"hd8flqx/VGXGEzQHawfRa+zq2zlItkGMHEi4mSkCIMs="},"chainType":1,"messageKeys":{}}},"pendingPreKey":{"signedKeyId":1,"baseKey":"Bfu/OVuYP9THEubnk2CIfQrWGDBoG1y/CmnsexhUhj8v","preKeyId":1604068}},"BVslXHOXc91QigVcu33qiC1hSL2+Sr9Ma386argi46JU":{"registrationId":1803930421,"currentRatchet":{"ephemeralKeyPair":{"pubKey":"Bfkj2aO6QrQEUcCN5JBhDNtlm8+D60gJ+3lzrc7ZrORH","privKey":"aKpZttidcwQhNbsc+7KmeH8xTOjLwKKiYPYJaIIXRHI="},"lastRemoteEphemeralKey":"BYK5NO6alT8qftE8BAtjMJpPj5MkvtNrRMSZh8flANV6","previousCounter":0,"rootKey":"nvsa7oCmt4umaT8LQ2DaTvD2hzS1ON9NTTQp46GKN0A="},"indexInfo":{"baseKey":"BVslXHOXc91QigVcu33qiC1hSL2+Sr9Ma386argi46JU","baseKeyType":1,"closed":1693104398599,"used":1693106129750,"created":1693104391548,"remoteIdentityKey":"BVtzAPcQkGWvEqIAGo11r7xnezN3gggVCBZeuDSRcXVb"},"_chains":{"BYK5NO6alT8qftE8BAtjMJpPj5MkvtNrRMSZh8flANV6":{"chainKey":{"counter":9,"key":"dVRQRDRHQfhmOHzcZOOYmmAaIxrak1F6fb6sq5TSOvQ="},"chainType":2,"messageKeys":{}},"Bfkj2aO6QrQEUcCN5JBhDNtlm8+D60gJ+3lzrc7ZrORH":{"chainKey":{"counter":-1,"key":"UjnnnAecPQoz1wKP2fXZZq7XfhDQ7OHof+8iACa5kDE="},"chainType":1,"messageKeys":{}}}},"BeV4PAxoHJJGNCTa6U3+bm8prAw+mmKqyOEU/x+TeXhq":{"registrationId":1803930421,"currentRatchet":{"ephemeralKeyPair":{"pubKey":"BV9CZmNRh8/HfcdrMPuQ7fZPNEr28elb99CqM8QZ0q8l","privKey":"WHTfxzdkj1IKJeNiDOrI9BWytuu5R3t+OLk2xroaA0s="},"lastRemoteEphemeralKey":"BYK5NO6alT8qftE8BAtjMJpPj5MkvtNrRMSZh8flANV6","previousCounter":-1,"rootKey":"NHLysSOHJPV0SQK4gKL2c9dn2g3nKvf426L1HTpqB0k="},"indexInfo":{"baseKey":"BeV4PAxoHJJGNCTa6U3+bm8prAw+mmKqyOEU/x+TeXhq","baseKeyType":1,"closed":-1,"used":1693104398586,"created":1693104398586,"remoteIdentityKey":"BVtzAPcQkGWvEqIAGo11r7xnezN3gggVCBZeuDSRcXVb"},"_chains":{"BYK5NO6alT8qftE8BAtjMJpPj5MkvtNrRMSZh8flANV6":{"chainKey":{"counter":0,"key":"f0a/3JDx09lcAj+ztCxUJKsWm1EnY2XQTHWRukU2grs="},"chainType":2,"messageKeys":{}},"BV9CZmNRh8/HfcdrMPuQ7fZPNEr28elb99CqM8QZ0q8l":{"chainKey":{"counter":6,"key":"cY5iDnQupOytJtBqN454AItDkwtstukzIJQUEvaC33s="},"chainType":1,"messageKeys":{}}},"pendingPreKey":{"signedKeyId":1,"baseKey":"BeV4PAxoHJJGNCTa6U3+bm8prAw+mmKqyOEU/x+TeXhq","preKeyId":1604120}}},"version":"v1"}