{"_sessions":{"BR8Z15q4RI9Kf06PrFCE4M2WluAT2GaN91HmyGEBfuJ7":{"registrationId":1599694590,"currentRatchet":{"ephemeralKeyPair":{"pubKey":"BYc1oufLKzvN4w3zNtkQk1Aoa7gvTCFJtiOLQjEbkGgE","privKey":"uBUNQFcERGR6fss8LLdmXG1uw0Gn56TG1PHFfk8UeGI="},"lastRemoteEphemeralKey":"BTdY90lgzVWJkwhOcIUcu6ezGalupzJzbods1r48+wxN","previousCounter":0,"rootKey":"aRJKFahUnj6w9FwhhxjNie6pCsdglZcYen4EbLZrmng="},"indexInfo":{"baseKey":"BR8Z15q4RI9Kf06PrFCE4M2WluAT2GaN91HmyGEBfuJ7","baseKeyType":1,"closed":-1,"used":1693104389546,"created":1693104389546,"remoteIdentityKey":"BWshcJQnZVBXDNhn89WeoFI3jPzxFzrNzm+4etxjT6k2"},"_chains":{"BYc1oufLKzvN4w3zNtkQk1Aoa7gvTCFJtiOLQjEbkGgE":{"chainKey":{"counter":0,"key":"qULRuNcpdS9aKI+5aDNvfSjLTbtsVujnuxoF1aWxBuE="},"chainType":1,"messageKeys":{}}},"pendingPreKey":{"signedKeyId":3,"baseKey":"BR8Z15q4RI9Kf06PrFCE4M2WluAT2GaN91HmyGEBfuJ7","preKeyId":10034560}}},"version":"v1"}