{"_sessions":{"BYjnQwfgvQdA7mruG1Elv4ni/mhv3S7T5L269/p/6+kp":{"registrationId":1805389835,"currentRatchet":{"ephemeralKeyPair":{"pubKey":"BaCZKoQSIHMzg+nwDg8GVKOU+A4BVZZs5z2hYixeJvQI","privKey":"OMCArL/WE5UGZYT96Hsc83UB2WEfZIcefp2MjnJK+1c="},"lastRemoteEphemeralKey":"BVn3MpzGj5gNCS1MIZLdMteNMXWZ8M/nTC+Kv080+fs9","previousCounter":0,"rootKey":"3iQVu4f2TAr+ujt0IvpkOnXFUmyMR/BGxlvp3rURhYU="},"indexInfo":{"baseKey":"BYjnQwfgvQdA7mruG1Elv4ni/mhv3S7T5L269/p/6+kp","baseKeyType":2,"closed":-1,"used":1693106101265,"created":1693106101265,"remoteIdentityKey":"BXJYwVUjWnTybH0wr+/d5TV2tb5HyLPfMKqePdsmnVk4"},"_chains":{"BVn3MpzGj5gNCS1MIZLdMteNMXWZ8M/nTC+Kv080+fs9":{"chainKey":{"counter":3,"key":"cDV+qSsRxK7vHH97p3lF4DgA6k/YmJ90JC4wwONfiwg="},"chainType":2,"messageKeys":{}},"BaCZKoQSIHMzg+nwDg8GVKOU+A4BVZZs5z2hYixeJvQI":{"chainKey":{"counter":-1,"key":"2NNFqUhGBjjOj9H3xu/PNzWLeRAU1v3Ic3XUgMh27Ww="},"chainType":1,"messageKeys":{}}}}},"version":"v1"}