{"_sessions":{"BYx6A2nI9HSat6/LEg9dizoFX22bb+MfLckWo2ebhIZE":{"registrationId":1596368332,"currentRatchet":{"ephemeralKeyPair":{"pubKey":"BfMuoj916NV6lTB4gdJNdtq9IHzVu1g9dXM4s5cRZw1J","privKey":"oHyWkFBsgjGAVjWidMKfo6H5wXqYotAt/MQ+XTQpPFk="},"lastRemoteEphemeralKey":"BQRU6gEVAVIfdgJBPinDKaA/+lxz3fJLTPRLyK0YhI0B","previousCounter":0,"rootKey":"dTTHaoO2IMPheXvBCoz+2dFTOktJA1Gx44/fYSXOEIc="},"indexInfo":{"baseKey":"BYx6A2nI9HSat6/LEg9dizoFX22bb+MfLckWo2ebhIZE","baseKeyType":1,"closed":-1,"used":1693104389713,"created":1693104389713,"remoteIdentityKey":"BYoqm3zWmf241xZ4Q5KoPEPPdcbksASeeTQAI8KaklQ3"},"_chains":{"BfMuoj916NV6lTB4gdJNdtq9IHzVu1g9dXM4s5cRZw1J":{"chainKey":{"counter":0,"key":"Uv57D6Mt8qCNCk/lHBkUHDAJ/NPRj8BfL9eb+z+skYw="},"chainType":1,"messageKeys":{}}},"pendingPreKey":{"signedKeyId":4,"baseKey":"BYx6A2nI9HSat6/LEg9dizoFX22bb+MfLckWo2ebhIZE","preKeyId":9974792}}},"version":"v1"}