{"_sessions":{"BQ+XbOeUtdoZUfUxvPJOF8oe8yDu6r2yIynK7tI+irdv":{"registrationId":159,"currentRatchet":{"ephemeralKeyPair":{"pubKey":"BcVKSqwGo1mM3DjMYTw20CJ5NAdoxLPQb8OukgNnE0cI","privKey":"MNwNMdlg7Ij/G48rGelD3LURXmqFCWls3WJIZbeIQFQ="},"lastRemoteEphemeralKey":"BVlIlWsN2+aNHLhiWqVsFe4zh3OyfRvtF6KBsw70V4VV","previousCounter":0,"rootKey":"RKqpBZoDSRSK+Rjg4X/Hi54o5ZqYC5y+mnyy5yiwwLI="},"indexInfo":{"baseKey":"BQ+XbOeUtdoZUfUxvPJOF8oe8yDu6r2yIynK7tI+irdv","baseKeyType":1,"closed":-1,"used":1693104324270,"created":1693104324270,"remoteIdentityKey":"BW01NN/z5Me/PetmN0qmeD0tmoUdcgartuVGzj3674tl"},"_chains":{"BcVKSqwGo1mM3DjMYTw20CJ5NAdoxLPQb8OukgNnE0cI":{"chainKey":{"counter":6,"key":"Xx63/jbMsoOdGVPlj+xpFR4FfUTQyaAGyRHLJvqq9YM="},"chainType":1,"messageKeys":{}}},"pendingPreKey":{"signedKeyId":1,"baseKey":"BQ+XbOeUtdoZUfUxvPJOF8oe8yDu6r2yIynK7tI+irdv"}}},"version":"v1"}