{"_sessions":{"Bcu3E9kLF24/SjFYU0HC/czzZ3flzJ9JabzEGuLZkRwb":{"registrationId":1945077900,"currentRatchet":{"ephemeralKeyPair":{"pubKey":"BRZx60LZqQdTcetJ/z8TQQvm4ukYIBPhv0A6n6gO5cVf","privKey":"qJt7cmF4DTwqHdd8WlK/SSzbEeon3xbBh+fhWNgWNlo="},"lastRemoteEphemeralKey":"BXrn+CxiR2jI9chbN9fqfPvinIYLzcaCALIfv8fm/KIJ","previousCounter":0,"rootKey":"J+r1P9QIxGBoGR9x+nW8TSOIZUHSZZMnNvuRkqq+uL0="},"indexInfo":{"baseKey":"Bcu3E9kLF24/SjFYU0HC/czzZ3flzJ9JabzEGuLZkRwb","baseKeyType":2,"closed":-1,"used":1693106101286,"created":1693106101286,"remoteIdentityKey":"BT1eKZHLlFE4BsFdEcN/CvvUxA3q+6wS56oTv7C67+xM"},"_chains":{"BXrn+CxiR2jI9chbN9fqfPvinIYLzcaCALIfv8fm/KIJ":{"chainKey":{"counter":1,"key":"U1bREHBPehNcNpfJIx8WWc8IGtots1CMNA1CUYT7KBY="},"chainType":2,"messageKeys":{}},"BRZx60LZqQdTcetJ/z8TQQvm4ukYIBPhv0A6n6gO5cVf":{"chainKey":{"counter":0,"key":"SMq1RK/zri9BYYUkYYWRReTBNDp1UvcHKbwsRWBLi1s="},"chainType":1,"messageKeys":{}}}}},"version":"v1"}