{"_sessions":{"BQxtduE0mFaDz2FQyL5S/g2roJPV9tWHyTK5atGk3z5s":{"registrationId":1261161454,"currentRatchet":{"ephemeralKeyPair":{"pubKey":"BWDnrNRKIMAMfs48yigb6kjNt5Z6xlHdKbGtuWYXPBlP","privKey":"QBNRD/yPHv7YGeKFFexERPkPHvMSQ9+9mfTLdqyeaG0="},"lastRemoteEphemeralKey":"BSlCj4R1qWoFHOsAWnSsxdRHxlDUDECTDwzdLlgujc4y","previousCounter":0,"rootKey":"tSNrC7K/D7AQNtcAm7a3smamdDHYFWnIrY1wus37mnI="},"indexInfo":{"baseKey":"BQxtduE0mFaDz2FQyL5S/g2roJPV9tWHyTK5atGk3z5s","baseKeyType":1,"closed":-1,"used":1693104349791,"created":1693104349791,"remoteIdentityKey":"BQwVrQ3LUmfXqEpBosl26fozm7RjaOfjzRa7mPWt7JMW"},"_chains":{"BWDnrNRKIMAMfs48yigb6kjNt5Z6xlHdKbGtuWYXPBlP":{"chainKey":{"counter":0,"key":"tMDsI5BkYWRjW6TC7DNN3vvopIXr3hPQggg5dLgKDFk="},"chainType":1,"messageKeys":{}}},"pendingPreKey":{"signedKeyId":96,"baseKey":"BQxtduE0mFaDz2FQyL5S/g2roJPV9tWHyTK5atGk3z5s","preKeyId":11491908}}},"version":"v1"}