{"_sessions":{"BZ7P8sDRbbqpU75Q5w1msfBMPjF58KaT1u1V6sEe6tY3":{"registrationId":2032832686,"currentRatchet":{"ephemeralKeyPair":{"pubKey":"BTkNEJPFWkTXC0pj2MGO6nTwcvscEre7t1TUeCz9OcNf","privKey":"wAl14Q+vBX8EYbMDrZUx8R95QJNSDu9oWeXmA7xUzEA="},"lastRemoteEphemeralKey":"BdsgmikPpTs1ZXO29cTmwiz/Dmq1tuL+iyk/23S2X4xu","previousCounter":0,"rootKey":"QPsIrpNxajEFeWyBGIRlUt8blaoWBUjpwQj21R/U0vs="},"indexInfo":{"baseKey":"BZ7P8sDRbbqpU75Q5w1msfBMPjF58KaT1u1V6sEe6tY3","baseKeyType":2,"closed":-1,"used":1693106101043,"created":1693106101043,"remoteIdentityKey":"BYF7Xgv8DuYTqO4zkE19MYG5Td1QPwNZ/v2LODwrHKx/"},"_chains":{"BdsgmikPpTs1ZXO29cTmwiz/Dmq1tuL+iyk/23S2X4xu":{"chainKey":{"counter":0,"key":"ZKALYnbhFI0r7PGG4pxeGZIz3OE6OCQZrviOmxxKjGA="},"chainType":2,"messageKeys":{}},"BTkNEJPFWkTXC0pj2MGO6nTwcvscEre7t1TUeCz9OcNf":{"chainKey":{"counter":-1,"key":"RaBIsu3l8Con6M3cAtEGj7wYtthcT13RjZqF0af4rXQ="},"chainType":1,"messageKeys":{}}}}},"version":"v1"}