{"_sessions":{"BXX0iD8Mg+woVd4mXk/w2sAhmp1fZ4QwXCUq1nmroixx":{"registrationId":937335314,"currentRatchet":{"ephemeralKeyPair":{"pubKey":"BVCn8JWHgEHrOQXl0ftk9DZ3QA47mH5bdQVzGyIdlSxD","privKey":"gCtzXSd5S5NphmNDPz+/3tBE/J0HBovJF36gyhT4elQ="},"lastRemoteEphemeralKey":"BUShOwN9BvzS/MIBF3xMhlpuCXuGKuwg4upLJqhZnTxi","previousCounter":0,"rootKey":"+W7Du7GLaOPFSTvgkoPncRNXm9/PLku+7pDtXbboGJg="},"indexInfo":{"baseKey":"BXX0iD8Mg+woVd4mXk/w2sAhmp1fZ4QwXCUq1nmroixx","baseKeyType":2,"closed":-1,"used":1693106127853,"created":1693106127853,"remoteIdentityKey":"BZEAM3fe3r8mnOOPq89YZ9gdl5X/Ih1tXv7CoorkbZRC"},"_chains":{"BUShOwN9BvzS/MIBF3xMhlpuCXuGKuwg4upLJqhZnTxi":{"chainKey":{"counter":0,"key":"DznUpey5QT+6Qoc259zCrEiu/owx6SezvJ/COqnSJS8="},"chainType":2,"messageKeys":{}},"BVCn8JWHgEHrOQXl0ftk9DZ3QA47mH5bdQVzGyIdlSxD":{"chainKey":{"counter":-1,"key":"SoVllwPLdGuCTpqbJXNDL3vZkgmb4lq8MijbLt+5CBY="},"chainType":1,"messageKeys":{}}}}},"version":"v1"}