{"_sessions":{"BZ3sOXc/McJ6PaZ47nF29dmzvo4IK6WyXqowuJkQJhUz":{"registrationId":1483386808,"currentRatchet":{"ephemeralKeyPair":{"pubKey":"BeXfyVNLJJqzqyYdSEZAlp9HY/5CVXuDWrSFIa6Mc+Ui","privKey":"eEgfAILT+p3zIC+GiLnSIQgRgnmj8LalPaY5jR7y13A="},"lastRemoteEphemeralKey":"Bc+WTdtdT67peWC5OVupgfg5cTD2W+5J7wcANP50/sRu","previousCounter":0,"rootKey":"58pmG6iS9mk6iTRXWoLKoVs3qTU8Z6r3koMfntDW2QU="},"indexInfo":{"baseKey":"BZ3sOXc/McJ6PaZ47nF29dmzvo4IK6WyXqowuJkQJhUz","baseKeyType":1,"closed":-1,"used":1693104390031,"created":1693104390031,"remoteIdentityKey":"Bboe5CEXBrVRmr1OCHgr5b23pZVV6e1SsPhzVZsdT5Zz"},"_chains":{"BeXfyVNLJJqzqyYdSEZAlp9HY/5CVXuDWrSFIa6Mc+Ui":{"chainKey":{"counter":0,"key":"R4X35ejpSqQ72/+jdZ3fiG7sPmY1G/PD4R5cfX4mtqo="},"chainType":1,"messageKeys":{}}},"pendingPreKey":{"signedKeyId":0,"baseKey":"BZ3sOXc/McJ6PaZ47nF29dmzvo4IK6WyXqowuJkQJhUz","preKeyId":14249313}}},"version":"v1"}