{"_sessions":{"BUwW1sO8DXXyiP4BqXEi0s3Y0KdY5jbhbQhnM3aTr1cQ":{"registrationId":2085258950,"currentRatchet":{"ephemeralKeyPair":{"pubKey":"BWKqgvAGykEP7kfcrMvrJOnqv8IQ2YwAdyPOq7PR0UYz","privKey":"qPpEH5RcKH6CMrXr+lYH/qr4g508uuHPUcuqXWH9InU="},"lastRemoteEphemeralKey":"BdHf129vrZqXJXUOY2V5XOd6dV6FpiUTRWS3f6Iz2DEx","previousCounter":0,"rootKey":"5kFfcqC/ooC7J05DxIAxuaGx2//aeXidOIMzDAQ7Tgc="},"indexInfo":{"baseKey":"BUwW1sO8DXXyiP4BqXEi0s3Y0KdY5jbhbQhnM3aTr1cQ","baseKeyType":1,"closed":-1,"used":1693104350053,"created":1693104350053,"remoteIdentityKey":"BZtpweczn6GBVYzd6sYns0vsNQanmzttZJCfXXevAhp7"},"_chains":{"BWKqgvAGykEP7kfcrMvrJOnqv8IQ2YwAdyPOq7PR0UYz":{"chainKey":{"counter":0,"key":"O5ps0bbwKhlFEUO2An2GMyrfZTThJYNrhvBWFVonbfg="},"chainType":1,"messageKeys":{}}},"pendingPreKey":{"signedKeyId":1,"baseKey":"BUwW1sO8DXXyiP4BqXEi0s3Y0KdY5jbhbQhnM3aTr1cQ","preKeyId":3099616}}},"version":"v1"}