{"_sessions":{"BSne4zrge4SSZZklcF1tRMxn1gRD5hIiggFaom3EsPsG":{"registrationId":1899930963,"currentRatchet":{"ephemeralKeyPair":{"pubKey":"BUUJQbaz71wimfg7yeRQyXQo1JrdmdBbBoAe3LGmlm55","privKey":"+JuwUt7PJ2dpTW/aesffiK0A/+cTuRQuHiIjX/6P4Fo="},"lastRemoteEphemeralKey":"Bf27IQiQ/94Db8+Vv4jH68WD0MFBBG/EGWiGDxQS2y8s","previousCounter":0,"rootKey":"jpADp4J8RdE8aUlaPbYwtyx8SNNw+vksZrlW8+xEhIE="},"indexInfo":{"baseKey":"BSne4zrge4SSZZklcF1tRMxn1gRD5hIiggFaom3EsPsG","baseKeyType":1,"closed":-1,"used":1693106128532,"created":1693104349857,"remoteIdentityKey":"BakuH7ZZB5VH8HhLeMj6t/kiJMzPyC16VTw2mBzT6gpd"},"_chains":{"Bf27IQiQ/94Db8+Vv4jH68WD0MFBBG/EGWiGDxQS2y8s":{"chainKey":{"counter":1,"key":"HE1yyJNgKQlbCTm1WKsMvBXu2K1PJS4uJ8p0/OWfNkY="},"chainType":2,"messageKeys":{}},"BUUJQbaz71wimfg7yeRQyXQo1JrdmdBbBoAe3LGmlm55":{"chainKey":{"counter":-1,"key":"TKWqpCE5oqB5fR2Q1B+v0XcdOfSiYgOgkLc+pDIhz6Y="},"chainType":1,"messageKeys":{}}}}},"version":"v1"}