{"_sessions":{"BR+S/tmYzA0ExpXx/istG+jhI6UQGet0bpVnDVsjzlh5":{"registrationId":1958195869,"currentRatchet":{"ephemeralKeyPair":{"pubKey":"BVgEvNHy+RULISVe507Moe78cGO+pWXul95nnyJC1VRY","privKey":"SFSivldoGYv9It+BV0oU//koeOa2tomUa7Oc3IMRa3g="},"lastRemoteEphemeralKey":"BcbXbLgOxSON4fdU5BSOEMGpZjIJaBQLK/ncIZU0IC9X","previousCounter":0,"rootKey":"2j3Oov5863jwnsnmJm86ibQ77rGlXvMJgt4ywv6Pyj8="},"indexInfo":{"baseKey":"BR+S/tmYzA0ExpXx/istG+jhI6UQGet0bpVnDVsjzlh5","baseKeyType":1,"closed":-1,"used":1693104389565,"created":1693104389565,"remoteIdentityKey":"BZZsv60UT6qzaFFC6hdJQ9KkdsLDy1v46YMhkshaIGE/"},"_chains":{"BVgEvNHy+RULISVe507Moe78cGO+pWXul95nnyJC1VRY":{"chainKey":{"counter":0,"key":"hZBywPKzmmXYhvHAbi8zY+fdm0EXdr9uXLbuZJJiOvg="},"chainType":1,"messageKeys":{}}},"pendingPreKey":{"signedKeyId":4,"baseKey":"BR+S/tmYzA0ExpXx/istG+jhI6UQGet0bpVnDVsjzlh5","preKeyId":2930892}}},"version":"v1"}