{"_sessions":{"BTnX1V/+MqBVgSScKdVvjBr7qFzG/CJ9dUSw4qnvXApw":{"registrationId":2032304027,"currentRatchet":{"ephemeralKeyPair":{"pubKey":"BeuP+rhKCg8Awf50vkbba/YdDOt2qK8FjImcUWQMOXhI","privKey":"mIMcgSnekgjqyQp1yot2bXC5V2GTyl+d+zNfpOuVF3k="},"lastRemoteEphemeralKey":"BfRUQTrAQFs/DcsVsHL5t9bC2pfgebmUJiiC4IZ0L9tc","previousCounter":0,"rootKey":"6mSZUMlp3oRV3jNr705Em7sHmM9hmAkW50fAtErrwIU="},"indexInfo":{"baseKey":"BTnX1V/+MqBVgSScKdVvjBr7qFzG/CJ9dUSw4qnvXApw","baseKeyType":1,"closed":1693104390325,"used":1693106128527,"created":1693104390064,"remoteIdentityKey":"BaQf6iiLCasWKMNeuwIoy094IrJRPMlCqlhCTrrbOyQ5"},"_chains":{"BfRUQTrAQFs/DcsVsHL5t9bC2pfgebmUJiiC4IZ0L9tc":{"chainKey":{"counter":1,"key":"G9K8FOwYgg01CspToar2yZ79AND+t9iifycF8RSxLGI="},"chainType":2,"messageKeys":{}},"BeuP+rhKCg8Awf50vkbba/YdDOt2qK8FjImcUWQMOXhI":{"chainKey":{"counter":-1,"key":"0wX4K4jgXt59QKZ2f3ZHw1wmOf8WKykOETvcCQtTxPw="},"chainType":1,"messageKeys":{}}}},"BfKn7PzC/+xYfdkYfvfz+3PGtDzmUYPiUSudZR47wTEr":{"registrationId":2032304027,"currentRatchet":{"ephemeralKeyPair":{"pubKey":"BcaSUrLi0gFBnWYsC6V5D9HI+zhTeQTtSF0SDrQGxagb","privKey":"8HVBncfs0mn5ZjkE6erKvYdolmapmGR8QU/no2DSPHY="},"lastRemoteEphemeralKey":"BfRUQTrAQFs/DcsVsHL5t9bC2pfgebmUJiiC4IZ0L9tc","previousCounter":-1,"rootKey":"4oYuR1tZDV2gTjGSKVIRCsu8XefNmp00li4PbcaC4zg="},"indexInfo":{"baseKey":"BfKn7PzC/+xYfdkYfvfz+3PGtDzmUYPiUSudZR47wTEr","baseKeyType":2,"closed":-1,"used":1693104390337,"created":1693104390337,"remoteIdentityKey":"BaQf6iiLCasWKMNeuwIoy094IrJRPMlCqlhCTrrbOyQ5"},"_chains":{"BWOEwjMNcv5OzaSi+DSbSnbHNnUHXnng4i4u1WDrGn0F":{"chainKey":{"counter":0},"chainType":2,"messageKeys":{}},"BfRUQTrAQFs/DcsVsHL5t9bC2pfgebmUJiiC4IZ0L9tc":{"chainKey":{"counter":0,"key":"HZ6CDdvJYer+6dKC9Wm85JQRv7a9iegBSIVfcNgJ6Z4="},"chainType":2,"messageKeys":{}},"BcaSUrLi0gFBnWYsC6V5D9HI+zhTeQTtSF0SDrQGxagb":{"chainKey":{"counter":-1,"key":"hGPwN5+fEZfOY9mgulX6KTTcgNbC2pnl1TsW6BhtnbY="},"chainType":1,"messageKeys":{}}}}},"version":"v1"}