{"_sessions":{"BS46dEIGhXM+7C+ldEwvGMcidM3/QzW4LJg7/7QLJoUv":{"registrationId":1354694005,"currentRatchet":{"ephemeralKeyPair":{"pubKey":"BTbSppJUKCxxqHugdVJXVGLVUKyvKWsjr2+UJA+FiYhv","privKey":"ILQLDNQl8ySE7zUkycK4lAOdoyf1DNyyvaPaVZlum3A="},"lastRemoteEphemeralKey":"BW2WalpBhY7J/oLlVDPn7LG1n8K4B5NvLwcuDKNnFQJK","previousCounter":0,"rootKey":"yfqF7jv7gjf1EQajGzype64dWKEGXyx+jq/vjAxCnak="},"indexInfo":{"baseKey":"BS46dEIGhXM+7C+ldEwvGMcidM3/QzW4LJg7/7QLJoUv","baseKeyType":1,"closed":-1,"used":1693104390047,"created":1693104390047,"remoteIdentityKey":"BVCIhYIR2GAm+Z4yNfoamOInE7S8YLezgOzg3HjHMwEx"},"_chains":{"BTbSppJUKCxxqHugdVJXVGLVUKyvKWsjr2+UJA+FiYhv":{"chainKey":{"counter":0,"key":"bqNKALql1vUVw29RBqj5b/QuZcIrgaPcg72u9E0ZpTU="},"chainType":1,"messageKeys":{}}},"pendingPreKey":{"signedKeyId":2,"baseKey":"BS46dEIGhXM+7C+ldEwvGMcidM3/QzW4LJg7/7QLJoUv","preKeyId":9100328}}},"version":"v1"}