{"_sessions":{"BTX1eMFI0TU6pwwDtQLEaYcFQ0tqskobwI1kaONooy99":{"registrationId":9285,"currentRatchet":{"ephemeralKeyPair":{"pubKey":"BYviUIsSrQc4tjuMdDKfLKHWrB+7LtVd5Y5VHeC0xdso","privKey":"AKLMuDdFUgQnbm5v9mkvX0lUV/q/lR3AW0ZGMtjYxl4="},"lastRemoteEphemeralKey":"BXS+Amq9ATwqOk5Sd5sXzO5QixN2FA2J9YCbDWTXEQQR","previousCounter":0,"rootKey":"9IyT8gG9ahdr+7r4CH7/at29kWW3fTH7Q/53uztOG/s="},"indexInfo":{"baseKey":"BTX1eMFI0TU6pwwDtQLEaYcFQ0tqskobwI1kaONooy99","baseKeyType":1,"closed":-1,"used":1693104349834,"created":1693104349834,"remoteIdentityKey":"BXSnHGRG5iXik27ZJIF4Rp2HNgaV+fP0pQmMPvcqwaZX"},"_chains":{"BYviUIsSrQc4tjuMdDKfLKHWrB+7LtVd5Y5VHeC0xdso":{"chainKey":{"counter":0,"key":"VpMKbctFIIJeaUgB+7icKGdkBXGUH1AdI5yZNQf3NvU="},"chainType":1,"messageKeys":{}}},"pendingPreKey":{"signedKeyId":1,"baseKey":"BTX1eMFI0TU6pwwDtQLEaYcFQ0tqskobwI1kaONooy99"}}},"version":"v1"}