{"_sessions":{"BdJCcmLeFux4T6UZUcahkCLggj3ShwjRmkAN5HesiwlO":{"registrationId":490042659,"currentRatchet":{"ephemeralKeyPair":{"pubKey":"BURc1InYhkR89ndoeQjitU70dzEd6/m5HDgGrQoOKYA7","privKey":"mFePhrGYVcrJbXrgI9Tw9qWZyc7+bjiGIl6W9F7rvXg="},"lastRemoteEphemeralKey":"BUs6g+ClHcob3zohBqiPhKwf7mnHiUj/d4YhXUbWZZMf","previousCounter":0,"rootKey":"mwuAn7bcW1WYPv2Lr2S2INSbbhajbvZbyEJ+GrTybKk="},"indexInfo":{"baseKey":"BdJCcmLeFux4T6UZUcahkCLggj3ShwjRmkAN5HesiwlO","baseKeyType":2,"closed":-1,"used":1693106162126,"created":1693106162126,"remoteIdentityKey":"BfZc5aGIwaZONxys9FtGBwj+Bv51ovgm6YcIw6g+yr9y"},"_chains":{"BUs6g+ClHcob3zohBqiPhKwf7mnHiUj/d4YhXUbWZZMf":{"chainKey":{"counter":1,"key":"/V1+B09J5ELMueMpuMbSjvfScPpwNvmUP7HCmAoipBk="},"chainType":2,"messageKeys":{}},"BURc1InYhkR89ndoeQjitU70dzEd6/m5HDgGrQoOKYA7":{"chainKey":{"counter":-1,"key":"e6ztiQ958Y7o/nb0ZtAwVDE59V5/nNLma2KgqM0ZFbY="},"chainType":1,"messageKeys":{}}}}},"version":"v1"}