{"_sessions":{"BS1L55fQ1Q7taQY7zIVtG84uJPLNCA5Fkw6HxEo+jPxs":{"registrationId":1315920963,"currentRatchet":{"ephemeralKeyPair":{"pubKey":"BdEB3+lK3yOWyFOl/YWnoMx/mRfbszgJisAUNBnkr89+","privKey":"KLTV0lK8OiopMP0fq3AwnlgqxnI/c1xyWZY9ncZ2IHk="},"lastRemoteEphemeralKey":"BS3ZR4qWsAJmyOC9VGFhDwLIYMuy+4Z8qC++GpuMKsBI","previousCounter":0,"rootKey":"a9LNLR4SybshSgB8FwesQ13VYyTBRgouvbHjuKIVapU="},"indexInfo":{"baseKey":"BS1L55fQ1Q7taQY7zIVtG84uJPLNCA5Fkw6HxEo+jPxs","baseKeyType":2,"closed":-1,"used":1693106100948,"created":1693106100948,"remoteIdentityKey":"BUzr/IOTWJY7mvTH/IIMkwgPHm6Sw8TktPF/mWcVQFt/"},"_chains":{"BS3ZR4qWsAJmyOC9VGFhDwLIYMuy+4Z8qC++GpuMKsBI":{"chainKey":{"counter":0,"key":"yRSdD1SBpVNKb4jJCZTHnaJRqDse3vsuzNlpefrOZyk="},"chainType":2,"messageKeys":{}},"BdEB3+lK3yOWyFOl/YWnoMx/mRfbszgJisAUNBnkr89+":{"chainKey":{"counter":-1,"key":"k/iIZwrpOOhW/IWgt9lD+rGXKckPZdiae/5tUy9Q4Ow="},"chainType":1,"messageKeys":{}}}}},"version":"v1"}