{"_sessions":{"BdhczBugYFlyPVh2GiRIqp73/5rBLoKQ93NqIn5ArAAL":{"registrationId":7021,"currentRatchet":{"ephemeralKeyPair":{"pubKey":"BRCayMzHsFI0MM67Amkf3GD1HCsihZDer6/y5NLzCpMT","privKey":"yAlvMVd0a2MjTPmrIrLwptZNeNNPHtnozhKgbzGSxHg="},"lastRemoteEphemeralKey":"BVp4ao24HGJKFdJfNn1bUxPifUBe0I87Wfdns51m8PEL","previousCounter":0,"rootKey":"0b257avZWlnAClnxfMq1JZv/zY2Lh+yx8HwuN/jNHTA="},"indexInfo":{"baseKey":"BdhczBugYFlyPVh2GiRIqp73/5rBLoKQ93NqIn5ArAAL","baseKeyType":1,"closed":-1,"used":1693104349813,"created":1693104349813,"remoteIdentityKey":"BY62XCu+bEb3UoLPKTM+dpLoedhEyybz4X9Dea8UznI+"},"_chains":{"BRCayMzHsFI0MM67Amkf3GD1HCsihZDer6/y5NLzCpMT":{"chainKey":{"counter":0,"key":"ExtxIDuRhhE0B2HCEXeFONyh4tsXWbAiwcNkjGtkOCQ="},"chainType":1,"messageKeys":{}}},"pendingPreKey":{"signedKeyId":1,"baseKey":"BdhczBugYFlyPVh2GiRIqp73/5rBLoKQ93NqIn5ArAAL"}}},"version":"v1"}