{"_sessions":{"BW1XBljW5w1bK9RWbmgOvf3EPYATCaZSpoSVPJ0qlwEy":{"registrationId":678299422,"currentRatchet":{"ephemeralKeyPair":{"pubKey":"BbKav3EzYx2QPvzYxEJ04gsl/o6ECvxz47R74gO5SIw2","privKey":"UMso1JN4MCyZCS2GnvfEQVdWFfaZDJgD/DVC6UHmaUg="},"lastRemoteEphemeralKey":"BW+bGNDGZRmN1YT3r3xMJeE/tyv7Rp1xllaiqO0i+Jxg","previousCounter":0,"rootKey":"NWjbpiUDEiyqCl2CtuIOxVWxBO5aqGaX2WYDbw5zo6Y="},"indexInfo":{"baseKey":"BW1XBljW5w1bK9RWbmgOvf3EPYATCaZSpoSVPJ0qlwEy","baseKeyType":1,"closed":-1,"used":1693104389893,"created":1693104389893,"remoteIdentityKey":"BcWLWlJpwzUpXJo+95Q6YzyfnF9yWRz/n8B8zMkQRhwd"},"_chains":{"BbKav3EzYx2QPvzYxEJ04gsl/o6ECvxz47R74gO5SIw2":{"chainKey":{"counter":0,"key":"RZSoPoXxiNZKLeeNZQSRcmRi+1RoZfzSvy00pR3ynVQ="},"chainType":1,"messageKeys":{}}},"pendingPreKey":{"signedKeyId":2,"baseKey":"BW1XBljW5w1bK9RWbmgOvf3EPYATCaZSpoSVPJ0qlwEy","preKeyId":4313774}}},"version":"v1"}