{"_sessions":{"BewLHwrD+ZxiS1ui0WGj5TX8BM0exPEmKW0QRtUhAttb":{"registrationId":137,"currentRatchet":{"ephemeralKeyPair":{"pubKey":"BQpVlHJ6NjHzU9i4RH6VVoFWQHgXlZZnCXZBwhIBKNRF","privKey":"kHLwu3yjd03yEvAyRWfjK9iGLdTXJu1VjD6Q+1HufmY="},"lastRemoteEphemeralKey":"BWoXO/hjfXzt/CpyhhxEduXe5jxtrOsNkSZ/ZCdSsEFT","previousCounter":0,"rootKey":"/lsj5M/FCDKYS8zrrk7+ADaOr9pdo1vhGXSLRstaSEA="},"indexInfo":{"baseKey":"BewLHwrD+ZxiS1ui0WGj5TX8BM0exPEmKW0QRtUhAttb","baseKeyType":2,"closed":-1,"used":1693106100753,"created":1693106100753,"remoteIdentityKey":"BRyrEs/zbuCu5wanrOiWoLwRBnpiWp+FunsY6XAWyVMq"},"_chains":{"BWoXO/hjfXzt/CpyhhxEduXe5jxtrOsNkSZ/ZCdSsEFT":{"chainKey":{"counter":0,"key":"pyZorrTrPXq2KwEEaoFshm6/ezzwRg4QbQnXHpYi208="},"chainType":2,"messageKeys":{}},"BQpVlHJ6NjHzU9i4RH6VVoFWQHgXlZZnCXZBwhIBKNRF":{"chainKey":{"counter":-1,"key":"ODjMU75cnjaGAnr62Pucii1zG1h/juu+WgPFDeegwf8="},"chainType":1,"messageKeys":{}}}}},"version":"v1"}