{"_sessions":{"BYIHxeFNRewURVJadtM5Ev3lVaFU2mniEzkmr0+P+hs0":{"registrationId":1532543706,"currentRatchet":{"ephemeralKeyPair":{"pubKey":"BRMAi7TeejikZVD824BxC4FrF1LC4p36bGiRcEC2KwhB","privKey":"6Ip0Am+7FOPfIBRF+AZfm/V2Mt1Uuindgrfbe+cikWw="},"lastRemoteEphemeralKey":"Bd78CROR9VXtmq+awgyBtOG9078pDboUOqxLTXA4WKJz","previousCounter":0,"rootKey":"203Qt4e+GamxHyYqUam/IabRKMuX9RkCm6R+Pszb3nA="},"indexInfo":{"baseKey":"BYIHxeFNRewURVJadtM5Ev3lVaFU2mniEzkmr0+P+hs0","baseKeyType":1,"closed":-1,"used":1693104389860,"created":1693104389860,"remoteIdentityKey":"BSMqHvAsUjCQFESMdkQ2qi6tibOZp0v3NWdVonQG8kpd"},"_chains":{"BRMAi7TeejikZVD824BxC4FrF1LC4p36bGiRcEC2KwhB":{"chainKey":{"counter":0,"key":"dwtaRuJL7C/u5kax/IEDHoEO3rrrYY9RmEPp1iVR+sM="},"chainType":1,"messageKeys":{}}},"pendingPreKey":{"signedKeyId":4,"baseKey":"BYIHxeFNRewURVJadtM5Ev3lVaFU2mniEzkmr0+P+hs0","preKeyId":6841668}}},"version":"v1"}