{"_sessions":{"BdX65nhAb1pjlQfH88qAnmJenlEL9VBX+FMQTS3q4FEp":{"registrationId":1842521328,"currentRatchet":{"ephemeralKeyPair":{"pubKey":"BX0RhfDL6ngC1ggT6NdEOhN9CvjpXG2mxO7nE10W0IQT","privKey":"UN/GUVrtMNeLJtcFbr6X46bTI0jofVJrvZLhk1eRnV8="},"lastRemoteEphemeralKey":"BY2WbyqOlw+kjXjJgSfs8gbIRrx0ZEyIqyiClcoJHEV7","previousCounter":0,"rootKey":"OtcL9vDTJPkhalVfWDJyPn/20rc26oBlPoMeDX8dPTE="},"indexInfo":{"baseKey":"BdX65nhAb1pjlQfH88qAnmJenlEL9VBX+FMQTS3q4FEp","baseKeyType":1,"closed":-1,"used":1693106101487,"created":1693104350032,"remoteIdentityKey":"BcR1f2qlkCEsicisW+hnMO84UeX3co4o8XGX93eAAUQr"},"_chains":{"BY2WbyqOlw+kjXjJgSfs8gbIRrx0ZEyIqyiClcoJHEV7":{"chainKey":{"counter":0,"key":"6IQXLopa/FeSPTeiArNvsWE6l5uzFV4gzwZd3ETKuVY="},"chainType":2,"messageKeys":{}},"BX0RhfDL6ngC1ggT6NdEOhN9CvjpXG2mxO7nE10W0IQT":{"chainKey":{"counter":-1,"key":"NKROxuCIhIFQOyfBT06TtyCzTMflB51/1IyVK53PT5k="},"chainType":1,"messageKeys":{}}}}},"version":"v1"}