{"_sessions":{"Bdq2Efxv3GDBtvOdEv3KtBltK+kNsOAn6rXTds+12a0z":{"registrationId":511815880,"currentRatchet":{"ephemeralKeyPair":{"pubKey":"BaPK9JtP7k7R2KhTjpmupBXBcy9MfjghmuwyjyyT3iJg","privKey":"KGfoY6VBX9W9UxatM9RxVZUwUZFXROAOdXvfNi9JZm8="},"lastRemoteEphemeralKey":"BXFG2nT9T2l0clI0qEa6PSGlUUOkUb/6sJqjpTEAqXZh","previousCounter":0,"rootKey":"WAG7niuqVUnKYWcYIzmx/5aTEc8PdW9sH2FglQ7L7YY="},"indexInfo":{"baseKey":"Bdq2Efxv3GDBtvOdEv3KtBltK+kNsOAn6rXTds+12a0z","baseKeyType":2,"closed":-1,"used":1693106100634,"created":1693106100634,"remoteIdentityKey":"BS0dF/Q7a50rySwXGpoGWr4LcCxDCicy4sUBUAUWek9E"},"_chains":{"BXFG2nT9T2l0clI0qEa6PSGlUUOkUb/6sJqjpTEAqXZh":{"chainKey":{"counter":0,"key":"NckNbn7VWT7c3+ue0VvS3B7geGJK84gKIDLz9JTE47M="},"chainType":2,"messageKeys":{}},"BaPK9JtP7k7R2KhTjpmupBXBcy9MfjghmuwyjyyT3iJg":{"chainKey":{"counter":-1,"key":"RPuhgwu821/KpftK4JtX4D6UGVvYGwAlJRkIwQ8ZIh0="},"chainType":1,"messageKeys":{}}}}},"version":"v1"}