{"_sessions":{"BYOpzHv5JGOOn6XDY+SwZiUIQSI6u+HeJ4Zb1IOUwYt2":{"registrationId":414347218,"currentRatchet":{"ephemeralKeyPair":{"pubKey":"BcXvpWjEfhKws6pl2f72Kk8AWkO9yYW+8HVUBuDHVCIm","privKey":"ABM3qxalBG2wy3xw0dJXPpSrVuR2/jOIaXf86a4s820="},"lastRemoteEphemeralKey":"BbOSE3VatId2/XOwMqgWwzBRBgFGXfycdleD3GlExtE4","previousCounter":0,"rootKey":"j2F/iy1WoEwJlc0OGl9dTcU78PAyfDpIlrfddIN5VI8="},"indexInfo":{"baseKey":"BYOpzHv5JGOOn6XDY+SwZiUIQSI6u+HeJ4Zb1IOUwYt2","baseKeyType":2,"closed":-1,"used":1693106127679,"created":1693106127679,"remoteIdentityKey":"BQ+Z+ZJOL6y6+/vvWojwtkMTINYESzmtbC7XMz1wBGNT"},"_chains":{"BbOSE3VatId2/XOwMqgWwzBRBgFGXfycdleD3GlExtE4":{"chainKey":{"counter":0,"key":"59A3CaJyGITMpXDmU+av9Vgh9OnXT5gx+a3fKtI/Psc="},"chainType":2,"messageKeys":{}},"BcXvpWjEfhKws6pl2f72Kk8AWkO9yYW+8HVUBuDHVCIm":{"chainKey":{"counter":-1,"key":"+w/LIKDtcKBXUI6D4yQIglczTu5oJHEfCmIHIVjqDUI="},"chainType":1,"messageKeys":{}}}}},"version":"v1"}