{"_sessions":{"BSXrHJ9JfIJI3dKRXQOyUi7ZUVrDnLL5yy13rRziAVp3":{"registrationId":282825496,"currentRatchet":{"ephemeralKeyPair":{"pubKey":"BdqhRSYBoAhFOOnGQQ+Zvd6xlliqQZ1FngMhdJq2aCdk","privKey":"kPWxm1n7ZHkVrWrs8eQ/FX7QrTOZpPlzRrgBznlPZWc="},"lastRemoteEphemeralKey":"BQWYSCDi55A4RWgRbAZeE9UAYtTJzyfn7kg3LGwQ/uYZ","previousCounter":0,"rootKey":"JpQ7I7frcKE+Q8e4xY5OECQRDN38vAq6JtEmSKpUwz0="},"indexInfo":{"baseKey":"BSXrHJ9JfIJI3dKRXQOyUi7ZUVrDnLL5yy13rRziAVp3","baseKeyType":1,"closed":-1,"used":1693104389620,"created":1693104389620,"remoteIdentityKey":"BWEZs2qIerznizt1NqnOPjl/RHeETJbtyz5DmtLoMqVr"},"_chains":{"BdqhRSYBoAhFOOnGQQ+Zvd6xlliqQZ1FngMhdJq2aCdk":{"chainKey":{"counter":0,"key":"NF+eHfkv2va97W1aasZUGhRSIjEWuIteOMNJ/kdCgZg="},"chainType":1,"messageKeys":{}}},"pendingPreKey":{"signedKeyId":13,"baseKey":"BSXrHJ9JfIJI3dKRXQOyUi7ZUVrDnLL5yy13rRziAVp3","preKeyId":13259461}}},"version":"v1"}