{"_sessions":{"BfwSSg0gVSQo1EPONBlMvfsa2YFOnnGa4gDF6ZMIfqdI":{"registrationId":488419648,"currentRatchet":{"ephemeralKeyPair":{"pubKey":"BWNU+gqxrVjjpbahbEu4EunHijVHg4cRWL9bdT65Xa5T","privKey":"UO9DRbud5s34iC+vepS8y4dwn6TSSt4xwC0tcqsKFXE="},"lastRemoteEphemeralKey":"BdWKo3yZz6JEemp0eWblRn7etwyNBgiCPNKSE6JLLb1v","previousCounter":0,"rootKey":"0p8blHhlmz6E9iG8EPLRX/wqC2hcK9gcqhCLP0SkIdo="},"indexInfo":{"baseKey":"BfwSSg0gVSQo1EPONBlMvfsa2YFOnnGa4gDF6ZMIfqdI","baseKeyType":2,"closed":-1,"used":1693106128990,"created":1693104377305,"remoteIdentityKey":"BR3PE2qGS3gxMRig5I6QTIFwF7XfT+n3XhadGt5DfeUy"},"_chains":{"BWMlw2l9QyRyfBjaf/ZrC935aIfB1EG/3/uk1utzhp0n":{"chainKey":{"counter":1},"chainType":2,"messageKeys":{}},"BdWKo3yZz6JEemp0eWblRn7etwyNBgiCPNKSE6JLLb1v":{"chainKey":{"counter":3,"key":"DhmULkP7DX26S2XoGLURrfRlRqCslkm8FjeWpxIhhec="},"chainType":2,"messageKeys":{}},"BWNU+gqxrVjjpbahbEu4EunHijVHg4cRWL9bdT65Xa5T":{"chainKey":{"counter":-1,"key":"ZKebnFgE61gWtm6l6HS2yzZHYzWPyAbKsuG8cjjULlA="},"chainType":1,"messageKeys":{}}}}},"version":"v1"}