{"_sessions":{"BZ3TBLoDTlCDPOSfJ8z/0QKanttTr+cc7neLSuWiCqxf":{"registrationId":2000288097,"currentRatchet":{"ephemeralKeyPair":{"pubKey":"BZmVnLnQv5M2Z1t0mFUuICXPimj1SJX5xBtdy1BTC6BS","privKey":"qOHCscJ6BcS7fRJcEpr5MPOAmi5aaRz3eDuGNlT85U4="},"lastRemoteEphemeralKey":"BZYB+AWHavO7OpWYfRzyLeg4GGxgN4MHNu5gunZLcl0F","previousCounter":0,"rootKey":"jInCuYAK9JcKyoINZIJxCwotZZhQvlcjz54lcg/NiPo="},"indexInfo":{"baseKey":"BZ3TBLoDTlCDPOSfJ8z/0QKanttTr+cc7neLSuWiCqxf","baseKeyType":2,"closed":-1,"used":1693106127788,"created":1693106127788,"remoteIdentityKey":"BSUncUOnFDLDb+kmGfXGOG7kaVSGgqiZ8ePW7Pspdtp7"},"_chains":{"BZYB+AWHavO7OpWYfRzyLeg4GGxgN4MHNu5gunZLcl0F":{"chainKey":{"counter":0,"key":"kGQgDFQh0j//KFgK6yVYbFbGXDz/ML20Zwj9NYnmfnY="},"chainType":2,"messageKeys":{}},"BZmVnLnQv5M2Z1t0mFUuICXPimj1SJX5xBtdy1BTC6BS":{"chainKey":{"counter":-1,"key":"cJiQ3PYNfjnCkPdyDjUB+Kdhy2y6fkbJjaJPZSEuNMQ="},"chainType":1,"messageKeys":{}}}}},"version":"v1"}