{"_sessions":{"BYS+tBwx9NNvh8kKbVU/PXaY7kXFbxBQi4HEOPfdlc5C":{"registrationId":1529108769,"currentRatchet":{"ephemeralKeyPair":{"pubKey":"BaxSvSaB71TOwYx9KZL/eN50cITzS+8LozESkhqVN4I7","privKey":"wBuheNvNotQw2MDJ3VzQrDq8SW9A5iWVCw1pWW5R+EY="},"lastRemoteEphemeralKey":"BZ7Pk2E84jMira8Goofr6WkfctdnxlUpMIGHQXGio0RZ","previousCounter":0,"rootKey":"RnAeWybnVd+gOuuSKKSuKN+mqEEn+RMpqSnRQaaF8oc="},"indexInfo":{"baseKey":"BYS+tBwx9NNvh8kKbVU/PXaY7kXFbxBQi4HEOPfdlc5C","baseKeyType":2,"closed":-1,"used":1693106127615,"created":1693106127615,"remoteIdentityKey":"Bfa+1qZ7y5yL8HK0JfE6ohmYOJ3HvnKDoXdX4aQzc34C"},"_chains":{"BZ7Pk2E84jMira8Goofr6WkfctdnxlUpMIGHQXGio0RZ":{"chainKey":{"counter":1,"key":"D/Y0Pa738KZ21Z/kjR/BQ1qP+9Ry1hUVX14rjSRxMv8="},"chainType":2,"messageKeys":{"0":"jYpswC4l8WQS0T11f4Q2Q8zBinBg9ruWjwld+P/4Tis="}},"BaxSvSaB71TOwYx9KZL/eN50cITzS+8LozESkhqVN4I7":{"chainKey":{"counter":-1,"key":"dvMUKyp1DwNInRA3ldOTMeWW/dewph8kZ94fFLYmE7E="},"chainType":1,"messageKeys":{}}}}},"version":"v1"}