{"_sessions":{"BYi3XuN2NzSMrfYYTZduKHGi2LBQl0lxLCdVUWBw2CUt":{"registrationId":61143867,"currentRatchet":{"ephemeralKeyPair":{"pubKey":"Bbv9ZI0hv2vI8vHArRErMUtYA9LMrEwy+Tm3ddFBYSAe","privKey":"wFNf0VjYFWp1rh500j52fQRs0xZH86dPkm6xfdf0Qnc="},"lastRemoteEphemeralKey":"BYTgBCL+Xcym4JbB+3qwmmB1I/2lEk1uIeFcp/GAhudx","previousCounter":0,"rootKey":"dEUhRDIpKjDpg1JA3M6NMRqpPxvcZny3veDdlspQ8LM="},"indexInfo":{"baseKey":"BYi3XuN2NzSMrfYYTZduKHGi2LBQl0lxLCdVUWBw2CUt","baseKeyType":2,"closed":-1,"used":1693106127824,"created":1693106127824,"remoteIdentityKey":"BS3NwLZZz6FLxcsELLXrKKfafAlMsi1hD2zfsyBelzJZ"},"_chains":{"BYTgBCL+Xcym4JbB+3qwmmB1I/2lEk1uIeFcp/GAhudx":{"chainKey":{"counter":1,"key":"wPu5ttEAl1qV+JSISdw3/dft2PsyTsYfCI1FdcGoqCo="},"chainType":2,"messageKeys":{}},"Bbv9ZI0hv2vI8vHArRErMUtYA9LMrEwy+Tm3ddFBYSAe":{"chainKey":{"counter":-1,"key":"SKyVAuPdOJXgqWOiQ40LVpw72JHwvlp7wne9BiP8j4M="},"chainType":1,"messageKeys":{}}}}},"version":"v1"}