{"_sessions":{"Bfaq2bsMDhVCoBhAW8hOq/t7LeOPI5lvaqmPrnJW1Soj":{"registrationId":153151485,"currentRatchet":{"ephemeralKeyPair":{"pubKey":"BcpWtk1NZmbFI44iwHSOEo+lUFpYHs/teEzAqlbuWBsV","privKey":"CH3JHn/sYRbAEQZtG6sTO2X2X2VMjlFoZcSg9+ljCng="},"lastRemoteEphemeralKey":"BS9gIoVxdpWYcBz4LtgSmPHjmNdgAwiw2iLk/AglRNwD","previousCounter":0,"rootKey":"Fap+iwaQVgWXRc8gBtUK4+RTz67b9bF2kgeCgz0jgQw="},"indexInfo":{"baseKey":"Bfaq2bsMDhVCoBhAW8hOq/t7LeOPI5lvaqmPrnJW1Soj","baseKeyType":2,"closed":-1,"used":1693106127504,"created":1693106127504,"remoteIdentityKey":"BVcmtOYsm6GHYp/B8++cvmnnVIS8HdrpBxgFU8vZEgYR"},"_chains":{"BS9gIoVxdpWYcBz4LtgSmPHjmNdgAwiw2iLk/AglRNwD":{"chainKey":{"counter":0,"key":"le4QR+BpDBvdBLoz4mNRRkI+cW6TssU6GvwwiAscUfg="},"chainType":2,"messageKeys":{}},"BcpWtk1NZmbFI44iwHSOEo+lUFpYHs/teEzAqlbuWBsV":{"chainKey":{"counter":-1,"key":"cSmmD37rLmYcmHd4AwywPCoyFSdP2WYlMFEFpKe/vEo="},"chainType":1,"messageKeys":{}}}}},"version":"v1"}