{"_sessions":{"BYlAVIeePEGOBYL+DfOF/gKD5AlNfDKWPkVHFMd9foUy":{"registrationId":1019616588,"currentRatchet":{"ephemeralKeyPair":{"pubKey":"BbjRXZdhwhEePP9XQxQpGzHMr6z8ZwdGMbvK6dtWJrdo","privKey":"aE8Bhc2/SJZpr1j19keHLQ3cQVqEp8fk2Df0IMpmrVo="},"lastRemoteEphemeralKey":"BYI49MECk0s/ScEnLNlT/WKfH/szzkzre3wwLh0UXHYg","previousCounter":0,"rootKey":"jLkcWD8ra/6PLyvQGj+aZA+R4RjmWKLOB8EWYr4bYVo="},"indexInfo":{"baseKey":"BYlAVIeePEGOBYL+DfOF/gKD5AlNfDKWPkVHFMd9foUy","baseKeyType":1,"closed":-1,"used":1693104349929,"created":1693104349929,"remoteIdentityKey":"BY7z/+KYgdZ8upcuSUEgLttk/xwRBe9zSiz8APIo/QAc"},"_chains":{"BbjRXZdhwhEePP9XQxQpGzHMr6z8ZwdGMbvK6dtWJrdo":{"chainKey":{"counter":0,"key":"6LBmjfETrmdGFgJFp7fqhA5fb2AwAclfAly7vk2PgbA="},"chainType":1,"messageKeys":{}}},"pendingPreKey":{"signedKeyId":3,"baseKey":"BYlAVIeePEGOBYL+DfOF/gKD5AlNfDKWPkVHFMd9foUy","preKeyId":6619497}}},"version":"v1"}