{"_sessions":{"BQJxevwo6nYli9KJyuzQBs55JS5KIZlaN4EuNxTSW51h":{"registrationId":2005639635,"currentRatchet":{"ephemeralKeyPair":{"pubKey":"BVEdsZ9yREgY1yUoDqvDHSRQ8f81TiTdkFyfRjV8Y4wv","privKey":"iFzHhfD7Njt4nw7rP+8cN/6l0M5JtUHSc9VzMjBp9E8="},"lastRemoteEphemeralKey":"BXXAFiAYX6LX9EmWMeMKlzqFI0wu9AR7I1sjGzybtHdl","previousCounter":0,"rootKey":"Q6NTfvZRPuwvsjNnUIaV5XFV145uhcnvp8tuYodw/go="},"indexInfo":{"baseKey":"BQJxevwo6nYli9KJyuzQBs55JS5KIZlaN4EuNxTSW51h","baseKeyType":1,"closed":-1,"used":1693104389483,"created":1693104389483,"remoteIdentityKey":"BbqXyAFPmD4ZmR3nNegkSANLQHpChoUw0jkVXc8LObka"},"_chains":{"BVEdsZ9yREgY1yUoDqvDHSRQ8f81TiTdkFyfRjV8Y4wv":{"chainKey":{"counter":0,"key":"iCaMoAqhK/4n606n2Om2wcnDubTVJu3HgExCR7i2vew="},"chainType":1,"messageKeys":{}}},"pendingPreKey":{"signedKeyId":22,"baseKey":"BQJxevwo6nYli9KJyuzQBs55JS5KIZlaN4EuNxTSW51h","preKeyId":9762314}}},"version":"v1"}