{"_sessions":{"BWWm6mOGV0IcAH7jG29eWoQpyyJm/6BZAh366AKG8053":{"registrationId":1775228397,"currentRatchet":{"ephemeralKeyPair":{"pubKey":"BZqzvEy04RoIpDeCxvTve1/f6TYsKUmyrwrUjwwN2uUp","privKey":"uMzZAnYq4VDRkejXtgwUX4lw8upUKCD7fTdKcKNO3Us="},"lastRemoteEphemeralKey":"BdBLaVg6gC3boo2qDFnLka9CrybCdW5A6G4Pw+wueK06","previousCounter":0,"rootKey":"wlI5SasioDn0QjuXWp02EqUc4Nv4thUZgMAuBXNNzn0="},"indexInfo":{"baseKey":"BWWm6mOGV0IcAH7jG29eWoQpyyJm/6BZAh366AKG8053","baseKeyType":2,"closed":-1,"used":1693106100832,"created":1693106100832,"remoteIdentityKey":"Bd7EJd1NaLlRejq2GZ+M4khxEFu3sLt+ZS5WR6VWrANm"},"_chains":{"BdBLaVg6gC3boo2qDFnLka9CrybCdW5A6G4Pw+wueK06":{"chainKey":{"counter":0,"key":"1XxgU5YuBV+Jb1imoawgpf1feFYf7CPXnX86Nzs3S18="},"chainType":2,"messageKeys":{}},"BZqzvEy04RoIpDeCxvTve1/f6TYsKUmyrwrUjwwN2uUp":{"chainKey":{"counter":-1,"key":"LexGxptzK/8KSmHAbMFiMuLyMUFB+unhTKGYTBB18xA="},"chainType":1,"messageKeys":{}}}}},"version":"v1"}