{"_sessions":{"Bdx533E8oKE3P27ZGhdSBLxlE26N3eRpJCYijBL7QfAF":{"registrationId":22,"currentRatchet":{"ephemeralKeyPair":{"pubKey":"BSH4xspypPuatp6aQ23wHZ9Rc2+wA2/H8rxQPLdvjpBu","privKey":"KMotEtaop3F8QPytRdz6mciOUPvNJWXsfdpImmHv6kA="},"lastRemoteEphemeralKey":"BaJ2Ydk+0ylw3dRw17QRVyL2JEmU9gJY0ZTlekmM/g0T","previousCounter":0,"rootKey":"XSjtiVQvajj9+HST7Vfg27lRiM0du0w6KS80UkABvKE="},"indexInfo":{"baseKey":"Bdx533E8oKE3P27ZGhdSBLxlE26N3eRpJCYijBL7QfAF","baseKeyType":1,"closed":-1,"used":1693106184709,"created":1693106184709,"remoteIdentityKey":"BZMryE0wyM4wfXxcexCTaExsSpdxKzXsKI2FKR+zY94R"},"_chains":{"BSH4xspypPuatp6aQ23wHZ9Rc2+wA2/H8rxQPLdvjpBu":{"chainKey":{"counter":0,"key":"2t6+z9Xt0GUYCA+TFqYZPnnJ/DyEn2BUAN51fFI0dxc="},"chainType":1,"messageKeys":{}}},"pendingPreKey":{"signedKeyId":1,"baseKey":"Bdx533E8oKE3P27ZGhdSBLxlE26N3eRpJCYijBL7QfAF"}}},"version":"v1"}