{"_sessions":{"BRujWki+MnztzGTbMLZCNzTOMph2sBvI5Bnd+4kFu7c+":{"registrationId":1960323886,"currentRatchet":{"ephemeralKeyPair":{"pubKey":"BQ8++bFKBGK0YtCzqT5MuFrR5RmBvwi56wBECaEf4UR6","privKey":"KN+95Tp/4tIOmS/1y+tOst9XrlNuUQn7bo5iB0ocEkk="},"lastRemoteEphemeralKey":"BXgL83VW9/XX3rPpqK8bivpQTSCNjQ16yKzaHbzx1Zl3","previousCounter":0,"rootKey":"GGQ2hMidpAuzVbR6ZAZHlQQr9e03MqUC78b/3nMC1lQ="},"indexInfo":{"baseKey":"BRujWki+MnztzGTbMLZCNzTOMph2sBvI5Bnd+4kFu7c+","baseKeyType":2,"closed":-1,"used":1693106127481,"created":1693106127481,"remoteIdentityKey":"BS9mheL6TwIn4MYVYV837T0AGecSDvyGOaZs/9RTQWJY"},"_chains":{"BXgL83VW9/XX3rPpqK8bivpQTSCNjQ16yKzaHbzx1Zl3":{"chainKey":{"counter":0,"key":"RF/d+pneaUhvonRDrgTSLbSCs2jk3kvErdnzUvJt6r8="},"chainType":2,"messageKeys":{}},"BQ8++bFKBGK0YtCzqT5MuFrR5RmBvwi56wBECaEf4UR6":{"chainKey":{"counter":-1,"key":"WssphbPTRpHKsK1Tuoh0N38sov3f0+WOZSvQ13EGgbw="},"chainType":1,"messageKeys":{}}}}},"version":"v1"}