{"_sessions":{"BY2ycpYVBXo7htpaBLxkxs0JHS78U8U7N3CI/X/GfxsT":{"registrationId":198618504,"currentRatchet":{"ephemeralKeyPair":{"pubKey":"Bd+FzENPyX0cJmgbRo1xu3l4fTDVacg14WH0UiKt3MZu","privKey":"GLynLN7+2dJqO4QefPlFGfzqtTdUN5jSRGKPyT1HoGE="},"lastRemoteEphemeralKey":"BV/JV05C5YtGRC2W+0HmRERk+F17CZ6jLDrzYtT/1I0/","previousCounter":0,"rootKey":"a9vZwXSl9v/NTTJBZ1x+gIfuxQ72ohRWnGOgkRgX/5o="},"indexInfo":{"baseKey":"BY2ycpYVBXo7htpaBLxkxs0JHS78U8U7N3CI/X/GfxsT","baseKeyType":2,"closed":-1,"used":1693106101017,"created":1693106101017,"remoteIdentityKey":"BcVNkjq6PeU+W4wLy/wLPIbSrH1i63m13NpvRLtsb8hh"},"_chains":{"BV/JV05C5YtGRC2W+0HmRERk+F17CZ6jLDrzYtT/1I0/":{"chainKey":{"counter":1,"key":"/6bNRtH7PWW2wNK3TbZnQJHG20tWZ3DKgSZodmg3kRA="},"chainType":2,"messageKeys":{}},"Bd+FzENPyX0cJmgbRo1xu3l4fTDVacg14WH0UiKt3MZu":{"chainKey":{"counter":-1,"key":"mVXK933kusHkadoq0d/6pd5e4WtuCS9iJMAlxvlLgHg="},"chainType":1,"messageKeys":{}}}}},"version":"v1"}