{"_sessions":{"BZ86BFGJJnUbbQU1AfVegKPAzz1aPWY8rhgED6pWbetB":{"registrationId":1331631032,"currentRatchet":{"ephemeralKeyPair":{"pubKey":"BfGT94FnyXjG8aOdRi41MVgHLuZqIRyvz0Z0UxwQbTgo","privKey":"QIMnUn4kOXGgB62ck6b9H1v/5VrdwP4lE13QjRUXolw="},"lastRemoteEphemeralKey":"BeoxYYgrh397TXnOBIpM5BzlAgsq+z88CfEFtSGoQx8g","previousCounter":0,"rootKey":"PhMybonPFjGF8eQnIlXkgFwS7aXVpZt+ny/dHV+Eoxg="},"indexInfo":{"baseKey":"BZ86BFGJJnUbbQU1AfVegKPAzz1aPWY8rhgED6pWbetB","baseKeyType":2,"closed":-1,"used":1693106173437,"created":1693106173437,"remoteIdentityKey":"BdRT8dnP5C2P7m3tYHd2DBit2qsFJqyXDMxC2/Gwy8YI"},"_chains":{"BeoxYYgrh397TXnOBIpM5BzlAgsq+z88CfEFtSGoQx8g":{"chainKey":{"counter":0,"key":"zQJBHOOjoFx3pBho9oteUBUGC3XpuJrA/gDyGDkNoGA="},"chainType":2,"messageKeys":{}},"BfGT94FnyXjG8aOdRi41MVgHLuZqIRyvz0Z0UxwQbTgo":{"chainKey":{"counter":-1,"key":"vfxKR9NwksWqNzor2QH5KsrCznpvDge+1MVx7kzNbww="},"chainType":1,"messageKeys":{}}}}},"version":"v1"}