{"_sessions":{"BQDZ+fgC0AsrXXZVP/BfoFrc4FCGXXSmRuHW8BDm0qM6":{"registrationId":328284141,"currentRatchet":{"ephemeralKeyPair":{"pubKey":"BQfYaeiLJqTyUEs4AznJHqMSFshO8E3X9XSA2xMT+NEy","privKey":"kCNny7h56PQ9peomIRa8lt/d4FUtxzuo2ALZJFSrG0s="},"lastRemoteEphemeralKey":"BdHRUZLaN5phOPGNpbTTnE9eRMJ4Cd7x7p1C5ou8d/R+","previousCounter":0,"rootKey":"IqWE3057MjwsezH6wsHccaJcIScuauijnVeWW4byeqE="},"indexInfo":{"baseKey":"BQDZ+fgC0AsrXXZVP/BfoFrc4FCGXXSmRuHW8BDm0qM6","baseKeyType":1,"closed":-1,"used":1693104389841,"created":1693104389841,"remoteIdentityKey":"BbcsJCyHJMrDr2+4I9owWRmQe0W35PPEgDBvPklpdOZw"},"_chains":{"BQfYaeiLJqTyUEs4AznJHqMSFshO8E3X9XSA2xMT+NEy":{"chainKey":{"counter":0,"key":"9a0rDuHCALIj+v21V55kOU4+4J/nvLhSgfCPnW4Jk68="},"chainType":1,"messageKeys":{}}},"pendingPreKey":{"signedKeyId":21,"baseKey":"BQDZ+fgC0AsrXXZVP/BfoFrc4FCGXXSmRuHW8BDm0qM6","preKeyId":7571948}}},"version":"v1"}