{"_sessions":{"BVOSl8AcuEdIwjbaf0HOn+9XCOLH1EGdh5rKlLM38zVc":{"registrationId":1747055032,"currentRatchet":{"ephemeralKeyPair":{"pubKey":"BSy9pNYPemUe7DFB9Chh2zk1rIPEdjgh8wettOt/9bJC","privKey":"4GCx5MK9/qoAiGrP0jcVPKZSpInU8Q00etgUMJZ1H2A="},"lastRemoteEphemeralKey":"BfBja86ggBxY0xef85e1yzaxevl0tfZgKdgLi4+aHMFU","previousCounter":0,"rootKey":"5h6N7J/gyyJ5RNfpeTKcWnO3hbMWuBggGZl+Th8MH74="},"indexInfo":{"baseKey":"BVOSl8AcuEdIwjbaf0HOn+9XCOLH1EGdh5rKlLM38zVc","baseKeyType":1,"closed":-1,"used":1693104389507,"created":1693104389507,"remoteIdentityKey":"BQJ9NAQSYtF5cGSMox5yzhPoLJ10tkSWVs5FFAJ2zKkK"},"_chains":{"BSy9pNYPemUe7DFB9Chh2zk1rIPEdjgh8wettOt/9bJC":{"chainKey":{"counter":0,"key":"znEel8ySbZsKkebPX9aguuylNlWevCV3MxjekccBbgg="},"chainType":1,"messageKeys":{}}},"pendingPreKey":{"signedKeyId":5,"baseKey":"BVOSl8AcuEdIwjbaf0HOn+9XCOLH1EGdh5rKlLM38zVc"}}},"version":"v1"}