{"_sessions":{"BR/bKTsSBCKx8ScfcwZ+LfvYX3H2vyizhpQ7SrINBuNA":{"registrationId":2085575633,"currentRatchet":{"ephemeralKeyPair":{"pubKey":"Bc1XWAjUJ2PEIvXtH0NCrX3fZ+OOigP/hfNZr3cvVRA6","privKey":"cO9CmKvkeP56XlVscH3lcoUrgLX6X+c/hFG/loFaT1o="},"lastRemoteEphemeralKey":"BT8liU1/mg1rLRX8NZtSY/rKqjiGwkka07pNKkV4qO9e","previousCounter":0,"rootKey":"HWjh/Tdz6pwgTHaRCtpKcQDz5xSl471Dca4vy4wmICY="},"indexInfo":{"baseKey":"BR/bKTsSBCKx8ScfcwZ+LfvYX3H2vyizhpQ7SrINBuNA","baseKeyType":1,"closed":-1,"used":1693106104621,"created":1693104389786,"remoteIdentityKey":"BVqc2AjJ6RMBkHY4f1FHVvXcHeV4oQIdhkBKT9FAztN0"},"_chains":{"BT8liU1/mg1rLRX8NZtSY/rKqjiGwkka07pNKkV4qO9e":{"chainKey":{"counter":0,"key":"kW9BhOPbuzneGOPRUUA26j4wq3jiHZ/QNdk3ubjGnfw="},"chainType":2,"messageKeys":{}},"Bc1XWAjUJ2PEIvXtH0NCrX3fZ+OOigP/hfNZr3cvVRA6":{"chainKey":{"counter":-1,"key":"eBRq26lnmc9nvoZaJeNQ2KE+iJUy4B7vksadBPkCtEU="},"chainType":1,"messageKeys":{}}}}},"version":"v1"}