{"_sessions":{"BXM+0SUbtYlnDafgLFgT2I8hNwrJ38xfZt3ykSPFOuUF":{"registrationId":307256278,"currentRatchet":{"ephemeralKeyPair":{"pubKey":"BWnwxTDC0ZD/EgGcj/0OX0h2HMIxbPkXluvbe4UCZCFA","privKey":"ELPWSklCTQfFPd0cj5k7yBKH5ieJMTM6uQHD7Qse+EU="},"lastRemoteEphemeralKey":"BfP03Jkz2JDKQi2eEi3q3gGNFUF7ZhEI/a4rF2DnMDta","previousCounter":0,"rootKey":"cIidl1KLA9WP5XPCS/7nDjZUYUmmrtvdzCEGEunvDHU="},"indexInfo":{"baseKey":"BXM+0SUbtYlnDafgLFgT2I8hNwrJ38xfZt3ykSPFOuUF","baseKeyType":1,"closed":-1,"used":1693104389582,"created":1693104389582,"remoteIdentityKey":"BR53KS+OyIDUXwPN/PV9ccKPKtpEZoq4cgKhlBdLz+Fs"},"_chains":{"BWnwxTDC0ZD/EgGcj/0OX0h2HMIxbPkXluvbe4UCZCFA":{"chainKey":{"counter":0,"key":"RPm8jeT9UA6eK7baIygeO040wsdR4dtX8tcRiD+gmHQ="},"chainType":1,"messageKeys":{}}},"pendingPreKey":{"signedKeyId":7,"baseKey":"BXM+0SUbtYlnDafgLFgT2I8hNwrJ38xfZt3ykSPFOuUF","preKeyId":4779757}}},"version":"v1"}