{"_sessions":{"BSGOWJXWA4811QFyZmhqoXo2VEHyhcSWCJR+XN1VTw1S":{"registrationId":1106610448,"currentRatchet":{"ephemeralKeyPair":{"pubKey":"BVpwxKVQDJhDAMuYgzVc4oF4e8iCtBrzvNCllORwVZhj","privKey":"uIGAC+p3s5R1KTg/rVJsZcq5JjUc1Y0p8feGtpXt/VI="},"lastRemoteEphemeralKey":"Bf4+xSL85BpH0v22vvlXfsCRpiaCL1INQaBA+kVJrx1/","previousCounter":0,"rootKey":"pK5DlouLOAC+0vJbdgI6V+C3RZ5JQjkQu04SoOky/5Q="},"indexInfo":{"baseKey":"BSGOWJXWA4811QFyZmhqoXo2VEHyhcSWCJR+XN1VTw1S","baseKeyType":1,"closed":-1,"used":1693106101461,"created":1693104389948,"remoteIdentityKey":"BWvXR1sVyctLytNpu6ikwYsQXFc76fimkxSW7jjVSM4u"},"_chains":{"Bf4+xSL85BpH0v22vvlXfsCRpiaCL1INQaBA+kVJrx1/":{"chainKey":{"counter":0,"key":"fYdEs3XZe9rmn6A/2af3dbD8YaIWpElas7SpfoqsePE="},"chainType":2,"messageKeys":{}},"BVpwxKVQDJhDAMuYgzVc4oF4e8iCtBrzvNCllORwVZhj":{"chainKey":{"counter":-1,"key":"MGKNHZaZLm3bGl50QkSmJUdYP6jn2E2QHNvOCKnAP0c="},"chainType":1,"messageKeys":{}}}}},"version":"v1"}