{"_sessions":{"BQ7EI7wKwdeut3zzTCGXLXHbVkMyMxW5wHwifd78vZpu":{"registrationId":783740761,"currentRatchet":{"ephemeralKeyPair":{"pubKey":"BXUpqp0XeOqc2RugjeMG+dNBTtXKk1nsIYbKaWndbQJe","privKey":"gGTvf8NmR2GsAp4oEBYNX6e+yJFZ+E9lvGgMWiUzP0A="},"lastRemoteEphemeralKey":"BaM4f3Np4rI6LjxGmfOG60kNy/aVRBGoHC7LCLZJ5wRQ","previousCounter":0,"rootKey":"cyYOy2tiCEW8knjqj72Umb/dz2LJ1xv8RdcTewVKzPc="},"indexInfo":{"baseKey":"BQ7EI7wKwdeut3zzTCGXLXHbVkMyMxW5wHwifd78vZpu","baseKeyType":2,"closed":-1,"used":1693104324734,"created":1693104324734,"remoteIdentityKey":"BX62mS+G4B6llEq3kVIG8gotWe1V5aJoCjlaplVyCXgj"},"_chains":{"BaM4f3Np4rI6LjxGmfOG60kNy/aVRBGoHC7LCLZJ5wRQ":{"chainKey":{"counter":1,"key":"oAU0SKUOQL4HZpcP7gyJxTj39G7qQinQr/G1zzxk96g="},"chainType":2,"messageKeys":{}},"BXUpqp0XeOqc2RugjeMG+dNBTtXKk1nsIYbKaWndbQJe":{"chainKey":{"counter":0,"key":"d+aq6eKxMomcdpPs15FirRfl8E56/SWQHNkN2lELGqM="},"chainType":1,"messageKeys":{}}}}},"version":"v1"}