{"_sessions":{"BRgOadBM9iU/zJ9h4wMkmYLcYo+YZAL6SnMozBDATzkS":{"registrationId":304364191,"currentRatchet":{"ephemeralKeyPair":{"pubKey":"BbvoO6Et2WWe8sDwlEdrUhjDX9DMcP+O1pNFNO+Nu89m","privKey":"SLdgAsNkRbmplxL26z1jIbKBDnYYLWFzcluHhi8HM2I="},"lastRemoteEphemeralKey":"Bc1aK43IJTExBK/H5/Nw0t34RUQfvci04NEG2WGY3bQg","previousCounter":0,"rootKey":"acujwyxN4EBSZDRi2mE/Z6v77Exc7c4VsmBwk+IIrfc="},"indexInfo":{"baseKey":"BRgOadBM9iU/zJ9h4wMkmYLcYo+YZAL6SnMozBDATzkS","baseKeyType":1,"closed":-1,"used":1693106101665,"created":1693104389639,"remoteIdentityKey":"BRxQX4SYUaTHlddFChj8sw1t4Cl81QN/YcCWl5ApTTIM"},"_chains":{"Bc1aK43IJTExBK/H5/Nw0t34RUQfvci04NEG2WGY3bQg":{"chainKey":{"counter":0,"key":"dDyxvpO35wV3RLni7TeXhZ6uzG3ocs5s4/1CF4zgWeU="},"chainType":2,"messageKeys":{}},"BbvoO6Et2WWe8sDwlEdrUhjDX9DMcP+O1pNFNO+Nu89m":{"chainKey":{"counter":-1,"key":"EWcTDULvSNKnGoHCmD2e7CExL7wbVDRvHBh0KdLysO4="},"chainType":1,"messageKeys":{}}}}},"version":"v1"}