{"_sessions":{"Beb6PkOMv+bb7HURDSZNQScZZVbtUKIQQgQppyJkuLpt":{"registrationId":1228458813,"currentRatchet":{"ephemeralKeyPair":{"pubKey":"BQ8Ugakoe1p3yreOC1+3YbpCQPdDtK/bWm+Tz3PfDilA","privKey":"yJkfpdqVPbDPSVof9lGw4H5Z6oYcIQusWN4H81QUvHc="},"lastRemoteEphemeralKey":"BdQ/vlgoW4PGqjzN/Rz/j/NIXLDdaQHN1YXVbqZ3PZYa","previousCounter":0,"rootKey":"gGTgw4PXjR0rteUkXvHmJcgrAxRfanL6S6TwvKQReCY="},"indexInfo":{"baseKey":"Beb6PkOMv+bb7HURDSZNQScZZVbtUKIQQgQppyJkuLpt","baseKeyType":1,"closed":-1,"used":1693104349906,"created":1693104349906,"remoteIdentityKey":"BWRO6cDTdPiBjB9LxsSoookMEl6asK77fM8jLU8tQWII"},"_chains":{"BQ8Ugakoe1p3yreOC1+3YbpCQPdDtK/bWm+Tz3PfDilA":{"chainKey":{"counter":0,"key":"LdlbndO36x9nQi8C14eOieA4byfDAPAgsmg/u5mzYgs="},"chainType":1,"messageKeys":{}}},"pendingPreKey":{"signedKeyId":5,"baseKey":"Beb6PkOMv+bb7HURDSZNQScZZVbtUKIQQgQppyJkuLpt","preKeyId":5708774}}},"version":"v1"}