{"_sessions":{"Be93w1U7BYAWA4aXmE5rUnVCvKjiHbC4zw3/4n3pnVMg":{"registrationId":682710414,"currentRatchet":{"ephemeralKeyPair":{"pubKey":"BerlCMpHDOeJASRWrqHZA9xJcvUEZZHmlbqJhfIrll4x","privKey":"QIaCmWZuL65jcsgpxyUEDfepNihaU+B3hGMDsY1qe0s="},"lastRemoteEphemeralKey":"Ba/oRaLystt3iz4B7FMW0MCR9UQphd47Pjz3V9BCUgc7","previousCounter":0,"rootKey":"mtJTFx1SXkpOWCZh+rXlBpBDe7KZSgRnRAAdVdAUlao="},"indexInfo":{"baseKey":"Be93w1U7BYAWA4aXmE5rUnVCvKjiHbC4zw3/4n3pnVMg","baseKeyType":1,"closed":-1,"used":1693106128511,"created":1693104349954,"remoteIdentityKey":"BYayXsWOQ0IVojXeEfN9QVAsqiih4tCpL7gWTSMRF1x0"},"_chains":{"Ba/oRaLystt3iz4B7FMW0MCR9UQphd47Pjz3V9BCUgc7":{"chainKey":{"counter":1,"key":"401NnKE0x6JyKt2W/yK6k08kxpR0wDCd3FoEspk4O9Y="},"chainType":2,"messageKeys":{}},"BerlCMpHDOeJASRWrqHZA9xJcvUEZZHmlbqJhfIrll4x":{"chainKey":{"counter":-1,"key":"3uNI9g9GS3WqgSnu1Wr77FFLmHyAUdqGHe61Np8ZeuM="},"chainType":1,"messageKeys":{}}}}},"version":"v1"}