{"_sessions":{"BbCv5G/3dGoQIRJcXdR817Z976OTji/ZsmtqqFgoX04p":{"registrationId":1038554487,"currentRatchet":{"ephemeralKeyPair":{"pubKey":"BQvk5v0EqWNgu+YpDOl0FTOuEyfO7EnHegkvyiQf+ada","privKey":"ePK8OwudjvkNiqkToMPaqtc1Dp3Qk6MUaLsrwLFQV1s="},"lastRemoteEphemeralKey":"BQaZxWSvINlaLbyFVBwWaOdrj+oB0xXAktyoHAcb7SRg","previousCounter":0,"rootKey":"Igt5N8VmpEtfdmJeXtENGCIigde00CEnm9sDiUeh0rQ="},"indexInfo":{"baseKey":"BbCv5G/3dGoQIRJcXdR817Z976OTji/ZsmtqqFgoX04p","baseKeyType":2,"closed":-1,"used":1693106127658,"created":1693106127658,"remoteIdentityKey":"BV7vI41KsFhRRGTEzptFOiRbGW324xQMq/VKLfGLOREq"},"_chains":{"BQaZxWSvINlaLbyFVBwWaOdrj+oB0xXAktyoHAcb7SRg":{"chainKey":{"counter":0,"key":"Gq1V7cL50U3kCr2V0myMi/0SnQ/lxtpmkEE7y/WgeYs="},"chainType":2,"messageKeys":{}},"BQvk5v0EqWNgu+YpDOl0FTOuEyfO7EnHegkvyiQf+ada":{"chainKey":{"counter":-1,"key":"P1U7/kT9pXgE2HZjKHluthGN0Ylv/GOIrrVs0Iok25U="},"chainType":1,"messageKeys":{}}}}},"version":"v1"}