{"_sessions":{"BbAxMxow9aVkuDLVr/vLjhqsSEpsYoHbve3uqU6d5KZW":{"registrationId":430959985,"currentRatchet":{"ephemeralKeyPair":{"pubKey":"BQrPuIiW5SUPc74XnfT/NZoXiB3oW+q7zsySxAeLN6Al","privKey":"yGFMU3iDslwFp0GiezlhwynlfuLH3kYyCL4RaxNHSFg="},"lastRemoteEphemeralKey":"BVIAkq/50m1Nv0VNPDPF/bRuqZ+F/oCBiWKqXK6pg5Jw","previousCounter":0,"rootKey":"1J5M/HdjpGtlG4Wzfys/63LiSEwjNuWuBaaQRY9V9y0="},"indexInfo":{"baseKey":"BbAxMxow9aVkuDLVr/vLjhqsSEpsYoHbve3uqU6d5KZW","baseKeyType":2,"closed":-1,"used":1693106100891,"created":1693106100891,"remoteIdentityKey":"BZe8rqjo5co5x+hYcgRToD1Hbb0sKQZhsg8hW+aJhzR4"},"_chains":{"BVIAkq/50m1Nv0VNPDPF/bRuqZ+F/oCBiWKqXK6pg5Jw":{"chainKey":{"counter":1,"key":"eXQsdRcfIO5Z8y00gFtZ2JB2rGkv9uz7/3InPqLQ0ew="},"chainType":2,"messageKeys":{}},"BQrPuIiW5SUPc74XnfT/NZoXiB3oW+q7zsySxAeLN6Al":{"chainKey":{"counter":-1,"key":"q9sImLXhfL5fyo9WhxXD9NNfhjttwk/RVwXK0z6VGo4="},"chainType":1,"messageKeys":{}}}}},"version":"v1"}