{"_sessions":{"BfMeSkrTgsP7fhghIw8aqfmcbbCxDOfWVr8aR7ci0r1L":{"registrationId":1167827039,"currentRatchet":{"ephemeralKeyPair":{"pubKey":"BdvUrISQnR9dLZRXDUVDR7iCQfiRWPHFwPpxjxht1ooB","privKey":"wBTbqEiLZfoVVfH1vSLDPSsBq8ARSrkk/gfTeKNIjF4="},"lastRemoteEphemeralKey":"BRLt5guqwzLCUy51Bno8qToMfCO128jNepLSti9c6lQG","previousCounter":0,"rootKey":"yCzUXmg7ojV0/Wks5lDGdaLmU6TRVcnplZtpBBOX4y4="},"indexInfo":{"baseKey":"BfMeSkrTgsP7fhghIw8aqfmcbbCxDOfWVr8aR7ci0r1L","baseKeyType":2,"closed":-1,"used":1693106100789,"created":1693106100789,"remoteIdentityKey":"BQMHXZ0AShryV4An5tKFLZqAX7Xb/zmOykUavBQnZC5D"},"_chains":{"BRLt5guqwzLCUy51Bno8qToMfCO128jNepLSti9c6lQG":{"chainKey":{"counter":0,"key":"9Z6i0+f8b2Q2IHw8tsk3hUJq+5PLmspVCTwLffE5wkY="},"chainType":2,"messageKeys":{}},"BdvUrISQnR9dLZRXDUVDR7iCQfiRWPHFwPpxjxht1ooB":{"chainKey":{"counter":-1,"key":"b3KqamQwXaXHhFJkC4y8XJLArvUfD2/tXUEdC2dH+n0="},"chainType":1,"messageKeys":{}}}}},"version":"v1"}