{"_sessions":{"BaMkiLoSQbPPfhC/HUqM46Q6pZ9Ye82lfPII3tvcse1T":{"registrationId":678864589,"currentRatchet":{"ephemeralKeyPair":{"pubKey":"BUZuQRr0zEklU7la1nVia1z0mf8kmVWMsYyDFpHH80NX","privKey":"oN6VoOCqAg/gBXt1Rw6dfNScdFDTgr7A/SuZTyeYO2o="},"lastRemoteEphemeralKey":"BUkqEkei83rgIz8OvwR32P1N6ZScrcOMF2YEVG5xe4l6","previousCounter":0,"rootKey":"5kCs2k+X2YulazMP59bKWFKJLIJKctgGiVLOgTQ6dKw="},"indexInfo":{"baseKey":"BaMkiLoSQbPPfhC/HUqM46Q6pZ9Ye82lfPII3tvcse1T","baseKeyType":1,"closed":-1,"used":1693104389496,"created":1693104389496,"remoteIdentityKey":"BYhK7uFEaGgko/FH0byfusdlmptITmm+ANi8NWAnIPZr"},"_chains":{"BUZuQRr0zEklU7la1nVia1z0mf8kmVWMsYyDFpHH80NX":{"chainKey":{"counter":0,"key":"B7S41/pu3sLsW1YZPasbM8xh0MlxHgSa3z//Ybf5r/s="},"chainType":1,"messageKeys":{}}},"pendingPreKey":{"signedKeyId":5,"baseKey":"BaMkiLoSQbPPfhC/HUqM46Q6pZ9Ye82lfPII3tvcse1T","preKeyId":4993336}}},"version":"v1"}