{"_sessions":{"BfDmFJM4breusAz1bg87gqHi68dVJmhemvqxmAksm/E+":{"registrationId":1652816231,"currentRatchet":{"ephemeralKeyPair":{"pubKey":"Ba/JFF4yQqPmEybUkZVbAvaTMiNh1Thvjc+UQ+zHqg5z","privKey":"kFod9hBiLkLVp9M3MciUhgVMJDp+l/kHqFmnt3UFCUQ="},"lastRemoteEphemeralKey":"Ba/NPQDZfuEnU84HHFo3QSKOvrCWb5Qzqzxdp2QuGYZw","previousCounter":0,"rootKey":"FwuGyMVNDrqOaiIdwNO64KoAHvZr8aAFi+pTYH0shrs="},"indexInfo":{"baseKey":"BfDmFJM4breusAz1bg87gqHi68dVJmhemvqxmAksm/E+","baseKeyType":1,"closed":-1,"used":1693106184806,"created":1693106184806,"remoteIdentityKey":"BSSs1o321Xte0UkFx39hX09FiY6Smy4LHdqBb7oPjBwq"},"_chains":{"Ba/JFF4yQqPmEybUkZVbAvaTMiNh1Thvjc+UQ+zHqg5z":{"chainKey":{"counter":0,"key":"SddeTA5DPjj6ajEIe1gWM6ifY4RnKFlHribYBpTbuxU="},"chainType":1,"messageKeys":{}}},"pendingPreKey":{"signedKeyId":0,"baseKey":"BfDmFJM4breusAz1bg87gqHi68dVJmhemvqxmAksm/E+","preKeyId":3089048}}},"version":"v1"}