{"_sessions":{"BYkKVeLM3cThQvVhJ4/Bx1KWOfp8pVnu7cYNUsmIerBx":{"registrationId":297411697,"currentRatchet":{"ephemeralKeyPair":{"pubKey":"BXP5jonVynGUbq5MBzFEut8Alvv6n9Qi4Iyg+NtKNx1S","privKey":"4JMrxVxN5jgBcV4IdtP2uz2MAO/sjdWq3cTBzzjPuVc="},"lastRemoteEphemeralKey":"BdI0zy7BrKHbxxjC2d6SIYzUmgrbaromRK3QR0Ac0Isg","previousCounter":0,"rootKey":"HHZJb/vD7xNGxeqp3FEDdmXpUOIbHv2xCp5crol8+Xw="},"indexInfo":{"baseKey":"BYkKVeLM3cThQvVhJ4/Bx1KWOfp8pVnu7cYNUsmIerBx","baseKeyType":2,"closed":-1,"used":1693106127571,"created":1693106127571,"remoteIdentityKey":"BTVeDKcWnuiINOKIFHdvyItY92wiOosNvJKQ6/PEBXlS"},"_chains":{"BdI0zy7BrKHbxxjC2d6SIYzUmgrbaromRK3QR0Ac0Isg":{"chainKey":{"counter":0,"key":"GXCG3ri2p5tVVy/eHphdiSCfj9OPIT8lmjjXpAvOJB4="},"chainType":2,"messageKeys":{}},"BXP5jonVynGUbq5MBzFEut8Alvv6n9Qi4Iyg+NtKNx1S":{"chainKey":{"counter":-1,"key":"9GQhiDHNiH6tqQFcGVQQ946saeLylKrPjFt7oWsIyZA="},"chainType":1,"messageKeys":{}}}}},"version":"v1"}