{"_sessions":{"Beiqmy7oMUEIRQBQQuqSseSbyZp1Gn884EieH7s75o9m":{"registrationId":1400042005,"currentRatchet":{"ephemeralKeyPair":{"pubKey":"BW/Qrjk0Gkdrh5Vb+i0l1ROk5FGQTA7yvHNyAN3xBIcg","privKey":"uJxdEOipmr1MK68ZKe5devS00d2L3ePYhryeO/EKunY="},"lastRemoteEphemeralKey":"BZ7fKKbi+7mkeLmkOVK2Bl6GZg5CuTS6TGjLRwpf5h8O","previousCounter":0,"rootKey":"TrdY9ril46X3RiXpssWlRjXUHvlYA4QNrubQN2xhDP0="},"indexInfo":{"baseKey":"Beiqmy7oMUEIRQBQQuqSseSbyZp1Gn884EieH7s75o9m","baseKeyType":1,"closed":-1,"used":1693104389967,"created":1693104389967,"remoteIdentityKey":"BU/hWncIUlfMjvLcl6ZfnhmlvCOePSQRC8h51FIQA0Jz"},"_chains":{"BW/Qrjk0Gkdrh5Vb+i0l1ROk5FGQTA7yvHNyAN3xBIcg":{"chainKey":{"counter":0,"key":"XY6Tu7j31gCO6TKOkUrDXKqNYtgziPUbOTeU+X9x8L8="},"chainType":1,"messageKeys":{}}},"pendingPreKey":{"signedKeyId":5,"baseKey":"Beiqmy7oMUEIRQBQQuqSseSbyZp1Gn884EieH7s75o9m","preKeyId":16326611}}},"version":"v1"}