{"_sessions":{"Bev7OtszH5xi3mkz+EMrnD126orqQ0ogW0lO0PjESh5J":{"registrationId":1603471814,"currentRatchet":{"ephemeralKeyPair":{"pubKey":"BRX/bTanHs1QxRtjvxVEK5rWk1DmHN6vwHODYHp8Mk5t","privKey":"IK2oXTsXeeJekaVCi6bQE56yD6V3N7nO+u3gpvrjgXM="},"lastRemoteEphemeralKey":"BeXuLiBKcLhUCkvqWW32U6YlkThRiHrN8Uy7JAQWvtU2","previousCounter":0,"rootKey":"n6VPwKrrYO70CTPP3nBrgur8IGPNJqwSqleewFdVyb8="},"indexInfo":{"baseKey":"Bev7OtszH5xi3mkz+EMrnD126orqQ0ogW0lO0PjESh5J","baseKeyType":1,"closed":-1,"used":1693104389746,"created":1693104389746,"remoteIdentityKey":"BWe+k9SU4L+j8Gjs1/siwvuRGq89FC3jOKt+trtPrmgv"},"_chains":{"BRX/bTanHs1QxRtjvxVEK5rWk1DmHN6vwHODYHp8Mk5t":{"chainKey":{"counter":0,"key":"o7ScR8KWlgAThArPGvSgLab76rHRTvoSiaYreaV6x1Q="},"chainType":1,"messageKeys":{}}},"pendingPreKey":{"signedKeyId":0,"baseKey":"Bev7OtszH5xi3mkz+EMrnD126orqQ0ogW0lO0PjESh5J","preKeyId":13756641}}},"version":"v1"}