{"_sessions":{"BcBx/58wkwHKBqBIjxRFr9vH8fYp92tG788vNSgP3HRX":{"registrationId":378512152,"currentRatchet":{"ephemeralKeyPair":{"pubKey":"BR7590wCShNKAKYet8/KMR2KOTvJkEplNq1oCUWCRJNU","privKey":"SD3xJzCUpncK+1ioQbMTsNc4biFJY5FkCHk0LoctSF8="},"lastRemoteEphemeralKey":"BZ3FUp8kuGEiOzzM8rL+ZZbwmKYSV6YWdmzKZJ+kRMsP","previousCounter":0,"rootKey":"OoUL+PBbYgp0zLK7asaBV8ZRw075hA7XuSKNXB0lhqc="},"indexInfo":{"baseKey":"BcBx/58wkwHKBqBIjxRFr9vH8fYp92tG788vNSgP3HRX","baseKeyType":2,"closed":-1,"used":1693106100717,"created":1693106100717,"remoteIdentityKey":"BeyD1o9hC0KaJl379WsJVc9yntX7h+xK+qvzXdZNrnp1"},"_chains":{"BZ3FUp8kuGEiOzzM8rL+ZZbwmKYSV6YWdmzKZJ+kRMsP":{"chainKey":{"counter":2,"key":"PxgKD3JyUKzLv6U3IH53xWLSLVxn67qpR6bm8PJifq0="},"chainType":2,"messageKeys":{}},"BR7590wCShNKAKYet8/KMR2KOTvJkEplNq1oCUWCRJNU":{"chainKey":{"counter":-1,"key":"V4yJtPBdo/hV48I38Nuxv7TL2Wff15lqykRxiklBKOg="},"chainType":1,"messageKeys":{}}}}},"version":"v1"}