{"_sessions":{"BRH5+APZV8Qar06OIioMS5q9oiIjUUDaY1I1KZ4L/ZYf":{"registrationId":765441764,"currentRatchet":{"ephemeralKeyPair":{"pubKey":"Bc+2NMmLEIAth2aKo9VYdQ8QnUKVauuVLk2n0cJSy4FI","privKey":"iBlmHEOfYsbbX69FKvk7zp+rsZYiIe+OZoAR+V4/OH0="},"lastRemoteEphemeralKey":"BTq7PdLejh6NKCmSe/WjQVgNseI7FYX4+0u3SWKfS4IS","previousCounter":0,"rootKey":"CnbRiPcqI8Lb9zXbmeKNXNCgWY1H5fm2Rg2AjXwawyU="},"indexInfo":{"baseKey":"BRH5+APZV8Qar06OIioMS5q9oiIjUUDaY1I1KZ4L/ZYf","baseKeyType":2,"closed":-1,"used":1693106127764,"created":1693106127764,"remoteIdentityKey":"BXrejBnwvWSRM3qEXnAz8AA5/J5UG9IXoNhF3M03xCYP"},"_chains":{"BTq7PdLejh6NKCmSe/WjQVgNseI7FYX4+0u3SWKfS4IS":{"chainKey":{"counter":0,"key":"iXLnT8s+LqI9hzdTON1hX1i0mNJ7xzQT+fYCv5A1HYk="},"chainType":2,"messageKeys":{}},"Bc+2NMmLEIAth2aKo9VYdQ8QnUKVauuVLk2n0cJSy4FI":{"chainKey":{"counter":-1,"key":"SQaJ2B8kg8Zv5yg9puc/rcjr5ApO7csyKVAjKyDqqnM="},"chainType":1,"messageKeys":{}}}}},"version":"v1"}