{"_sessions":{"BbGm8p9MTsbl9obWWmONnjELSjT7C3ft198uh3X2STkS":{"registrationId":310305518,"currentRatchet":{"ephemeralKeyPair":{"pubKey":"BcjcMzD1jh46VrmZJ570EErlkxrf2bElpDvdJufe2LtJ","privKey":"AK5D6sOeR12fy+FV7LLuzs+QVhcQEtuE2Th5gPrXxmg="},"lastRemoteEphemeralKey":"Bay2Dwf5shxxfyK3Qfw5z1b+SgkexgjcxJEgv9W/0vIi","previousCounter":0,"rootKey":"F7sb0mfdVnjJWBir+rEJmmwl6SXmwvO/2Eqj+5U47tY="},"indexInfo":{"baseKey":"BbGm8p9MTsbl9obWWmONnjELSjT7C3ft198uh3X2STkS","baseKeyType":1,"closed":-1,"used":1693104389655,"created":1693104389655,"remoteIdentityKey":"BQIsVBplJVo103sKAc3s9qpnvi6UDEfJT1u3NNTJ+mtG"},"_chains":{"BcjcMzD1jh46VrmZJ570EErlkxrf2bElpDvdJufe2LtJ":{"chainKey":{"counter":0,"key":"MTwD2Ax8rsNzsI5/It/tdtkKzaqPeUL3MLik5PygAf4="},"chainType":1,"messageKeys":{}}},"pendingPreKey":{"signedKeyId":0,"baseKey":"BbGm8p9MTsbl9obWWmONnjELSjT7C3ft198uh3X2STkS"}}},"version":"v1"}