{"_sessions":{"BWfPJ/sWz3BdpEjBPNDIcL9CfFJxn6RnnscVC3JNqEUN":{"registrationId":1174751342,"currentRatchet":{"ephemeralKeyPair":{"pubKey":"BSfGDcOQBETlFRpRax2p9fUMYPrdihuFANmxC7UJattr","privKey":"6NysaUbFx4ZkBjoFD2coDoSdnjqVcolISDgbaVUMsV0="},"lastRemoteEphemeralKey":"BQmoEMvGaQurFYzMjCvKQ/MhMaQzVH1zPKfa8BnOWdJk","previousCounter":0,"rootKey":"ycWD31mNmd9rWoU7PCJz4rE0UflwOTgpISB4QsS9wGk="},"indexInfo":{"baseKey":"BWfPJ/sWz3BdpEjBPNDIcL9CfFJxn6RnnscVC3JNqEUN","baseKeyType":1,"closed":-1,"used":1693106127384,"created":1693104389806,"remoteIdentityKey":"BVW8Pzq8ft6+N8MoS981N/HKW5XnBXsbSk1ams9r91pw"},"_chains":{"BQmoEMvGaQurFYzMjCvKQ/MhMaQzVH1zPKfa8BnOWdJk":{"chainKey":{"counter":0,"key":"nJp3dhyWnZLwMVLpLth4oFdVzHHmaKUqqHAjVbYblR4="},"chainType":2,"messageKeys":{}},"BSfGDcOQBETlFRpRax2p9fUMYPrdihuFANmxC7UJattr":{"chainKey":{"counter":-1,"key":"IuEN7w7BRUUxPiCB/qcf892rPGr6x8ZEVAbvaKiQ2Og="},"chainType":1,"messageKeys":{}}}}},"version":"v1"}