{"_sessions":{"BSUV0B980r72xVWJM0PT1ov+U9ArvLAH6NjOP6rBttd5":{"registrationId":1613219878,"currentRatchet":{"ephemeralKeyPair":{"pubKey":"BaLaVM35iWNJ5+JVbspcyy7A6x5GMP7QIFshKukiQdcC","privKey":"MGCsJUBWACseKhVAJhuMv31Cx5ejRMBhLw5VT3a8dl4="},"lastRemoteEphemeralKey":"BSAxCWTXyXk2H3YH6WnipSePIMoO/+dyE/p9kus206VM","previousCounter":0,"rootKey":"mIushBzOLWKhMYG8BE/ErRvuFTIaug8zr/TF56Tox0k="},"indexInfo":{"baseKey":"BSUV0B980r72xVWJM0PT1ov+U9ArvLAH6NjOP6rBttd5","baseKeyType":2,"closed":-1,"used":1693106101159,"created":1693106101159,"remoteIdentityKey":"BWH7/8i36cZ/epQAFKXaJQc2700VwWywSh2Ky41gVFZE"},"_chains":{"BSAxCWTXyXk2H3YH6WnipSePIMoO/+dyE/p9kus206VM":{"chainKey":{"counter":1,"key":"a6+Y54LxczQeKYBlJB896zmnin8otUx2eDh/vyk2Jbc="},"chainType":2,"messageKeys":{}},"BaLaVM35iWNJ5+JVbspcyy7A6x5GMP7QIFshKukiQdcC":{"chainKey":{"counter":-1,"key":"K7V/6FuDCESqQsWrK5miIi+S1s+ZmG3m67btHKXpwQI="},"chainType":1,"messageKeys":{}}}}},"version":"v1"}