{"_sessions":{"BT4xpNG7vCwiGq2+2iYtkfMgVcJQdWhugMr0XZm8TZ0c":{"registrationId":61,"currentRatchet":{"ephemeralKeyPair":{"pubKey":"BYb1dBczsPPtkNlRpDiu1gh1/1ySu93JZOVxy4R5Ay9G","privKey":"KLl7TeVHzIN+J81OKFaL2/8TnNkr+feKFvDo9BugTHI="},"lastRemoteEphemeralKey":"BQX8D987Zin5UciRwqGcoJZYcVaMiXYGlilL36aysjRy","previousCounter":0,"rootKey":"uR0SQHLgIPTZ96+bq3iN7ykEKqzamP3WAf2fg/Fla1k="},"indexInfo":{"baseKey":"BT4xpNG7vCwiGq2+2iYtkfMgVcJQdWhugMr0XZm8TZ0c","baseKeyType":2,"closed":-1,"used":1693106101138,"created":1693106101138,"remoteIdentityKey":"BW4//WxQFx/2SWqIdV80Gr5hTGAdkkA8FN+eB7EAmZ8A"},"_chains":{"BQX8D987Zin5UciRwqGcoJZYcVaMiXYGlilL36aysjRy":{"chainKey":{"counter":0,"key":"gR/I/0uV/HlaVY80M4woMA3lA1O45KnII0HmUZfH2JU="},"chainType":2,"messageKeys":{}},"BYb1dBczsPPtkNlRpDiu1gh1/1ySu93JZOVxy4R5Ay9G":{"chainKey":{"counter":-1,"key":"432yO5ByDU4v+6NHw2rSAtwae5A0pzAkFA91cyJ/H4w="},"chainType":1,"messageKeys":{}}}}},"version":"v1"}