{"_sessions":{"BZhERpuZK4BjhrG6I/OdA79znZc1U7X9JPHW3KlPmQ5Q":{"registrationId":7518,"currentRatchet":{"ephemeralKeyPair":{"pubKey":"BeUCmgaiuTzSnsnq9rdN5gcujswjvSY8i835JwPq7LIB","privKey":"gGa7QyP2HEVXoNMS8Py1BPghIwqK5nkGyj/ajtOr1FI="},"lastRemoteEphemeralKey":"BVRzlTws0bARMsCu/51x4gmW2utJFgioXHtp1T8Gplss","previousCounter":0,"rootKey":"KuiM4LcvXqbon5Rb5KBBOxSDEmAdAtM2PQ95WKK/LIM="},"indexInfo":{"baseKey":"BZhERpuZK4BjhrG6I/OdA79znZc1U7X9JPHW3KlPmQ5Q","baseKeyType":1,"closed":-1,"used":1693104389459,"created":1693104389459,"remoteIdentityKey":"BXVaOn3fo2X/1w+Ew2ox2lSrPTisB/GFr+pg8E17iBdk"},"_chains":{"BeUCmgaiuTzSnsnq9rdN5gcujswjvSY8i835JwPq7LIB":{"chainKey":{"counter":0,"key":"gEzUNbeiD2i4FjlJV35plMQXqablpf4Zn88MfnstUwY="},"chainType":1,"messageKeys":{}}},"pendingPreKey":{"signedKeyId":1,"baseKey":"BZhERpuZK4BjhrG6I/OdA79znZc1U7X9JPHW3KlPmQ5Q"}}},"version":"v1"}