{"_sessions":{"BStJcow+IcCTFgGmBa02es0zExsQ6QtL+Pc7JDUfYwMq":{"registrationId":529442390,"currentRatchet":{"ephemeralKeyPair":{"pubKey":"BRUYx4WQWJDQMi9Eww/LiAlXYCjNTgfhGqXTmcLGDY9n","privKey":"0ABMOpeHJxXUaNF8xoYpLDe/2h1Ls4oJVoyDStyVZGI="},"lastRemoteEphemeralKey":"BTZthg6BvqfXNXh8euEUzjpOHCSpcW5v1xOlJ4QoMo0G","previousCounter":0,"rootKey":"pCjUcmfegItjQY0y/0699FFrgPWBoLm1xVvPfAi3524="},"indexInfo":{"baseKey":"BStJcow+IcCTFgGmBa02es0zExsQ6QtL+Pc7JDUfYwMq","baseKeyType":2,"closed":-1,"used":1693106166727,"created":1693104371014,"remoteIdentityKey":"BcPFi7n9LjdJG0CUv+65lzrkj9LG6NlhK88BqEatpNlJ"},"_chains":{"BUxmkuHItNSww361+cLCL7Y3qlWX53sIMpJWR0Qvb8lr":{"chainKey":{"counter":0},"chainType":2,"messageKeys":{}},"BRr/PkgP3sCBwzj6OSyYwqcJaVvTykMBVjaulIwgmAMJ":{"chainKey":{"counter":0},"chainType":2,"messageKeys":{}},"BZCqOTZm21pJuS/8xMQLlg2PzQgstQ/7Tf31NYQBjgMA":{"chainKey":{"counter":4},"chainType":2,"messageKeys":{}},"BTZthg6BvqfXNXh8euEUzjpOHCSpcW5v1xOlJ4QoMo0G":{"chainKey":{"counter":0,"key":"m2d/x/3izGqKVEbAsf7zZexObbviu9fj5FcO4RvoaCI="},"chainType":2,"messageKeys":{}},"BRUYx4WQWJDQMi9Eww/LiAlXYCjNTgfhGqXTmcLGDY9n":{"chainKey":{"counter":-1,"key":"pJ5p/f6sQp1M+wOQg3ibWoVrtlp/OsRzZoo1guZpMqA="},"chainType":1,"messageKeys":{}}}}},"version":"v1"}