{"_sessions":{"BTZ94xmpviqDXYwD0IqB0RPZvzTroZzEhysn6UJEaUtN":{"registrationId":946335428,"currentRatchet":{"ephemeralKeyPair":{"pubKey":"BW+TbVyKgcclHsE0Jpgei4RLrBbezlOMbTU7tvUq2oY/","privKey":"WLF568pIiVFWxM2WNuRdmPwOwBwpCF5RReeacjQa3V4="},"lastRemoteEphemeralKey":"BUl7wkljlq1Pqg1Cio/IPYYuakw4a21OHvvZ+R41p34k","previousCounter":0,"rootKey":"3monXBMqy9JGe8xxNKUxKbpGNorHH42J7z+nLnpOiDo="},"indexInfo":{"baseKey":"BTZ94xmpviqDXYwD0IqB0RPZvzTroZzEhysn6UJEaUtN","baseKeyType":1,"closed":-1,"used":1693104389764,"created":1693104389764,"remoteIdentityKey":"BV5FA0ykJXuQJSyGeRlY1GqlLQNtWnL2RGDNH3Xj1g0r"},"_chains":{"BW+TbVyKgcclHsE0Jpgei4RLrBbezlOMbTU7tvUq2oY/":{"chainKey":{"counter":0,"key":"Fupnb9Cnsz64/tl2jVNQcOExJpumKLnAuyUEz0OSMSY="},"chainType":1,"messageKeys":{}}},"pendingPreKey":{"signedKeyId":9,"baseKey":"BTZ94xmpviqDXYwD0IqB0RPZvzTroZzEhysn6UJEaUtN","preKeyId":6688062}}},"version":"v1"}