{"_sessions":{"BcSrFrwSE/x4J1e1lyOHcjzX8KuY/MLIxNWzA11zt8cW":{"registrationId":1140669829,"currentRatchet":{"ephemeralKeyPair":{"pubKey":"BYqnpdAIAmcVSvMZCbD18krUW3MctU3myQ6huXfGLcEu","privKey":"kHBfv0TTsQLdkAUEdkVyzYrSSyRV5xq7pwhvCIiFh20="},"lastRemoteEphemeralKey":"BRQfcNqMwK5qMQRME9J5r70lxPfsbG/cYaupvR5TQl8v","previousCounter":0,"rootKey":"jzH3TbYs770yp1Flpk1cp7dVaWXYv1qxe8mlgbaSiYo="},"indexInfo":{"baseKey":"BcSrFrwSE/x4J1e1lyOHcjzX8KuY/MLIxNWzA11zt8cW","baseKeyType":1,"closed":-1,"used":1693104389694,"created":1693104389694,"remoteIdentityKey":"BTcBfZvakL8TsSDl0b4pJDdQvsMD/d4D/s8999S+rLID"},"_chains":{"BYqnpdAIAmcVSvMZCbD18krUW3MctU3myQ6huXfGLcEu":{"chainKey":{"counter":0,"key":"s4rsb64qSN7PR6Ttb4mRGjvar67UazvpQINE9vfvoh0="},"chainType":1,"messageKeys":{}}},"pendingPreKey":{"signedKeyId":20,"baseKey":"BcSrFrwSE/x4J1e1lyOHcjzX8KuY/MLIxNWzA11zt8cW","preKeyId":3160703}}},"version":"v1"}