{"_sessions":{"BewEn48uSdam87bxAlmyAvRK0sEUQW1JOT+DgPWlzj8s":{"registrationId":17,"currentRatchet":{"ephemeralKeyPair":{"pubKey":"BXJJDv9fgoX3AJXnqoFaNzlvQOdQQ9PgBoVX1CTgYOtE","privKey":"uEDoK/HDmhK2ViTVkRNvK33HeIaOKgLL1JigYFFTUEE="},"lastRemoteEphemeralKey":"BeJ6JwMcBh9sA7t6K5bfP7CZ2n5Pn+KHJjrHLHhPJBcW","previousCounter":0,"rootKey":"s5g1gl2om5pgngjwPTZdsJbgZ7ZX6fhZbimh75uVz0s="},"indexInfo":{"baseKey":"BewEn48uSdam87bxAlmyAvRK0sEUQW1JOT+DgPWlzj8s","baseKeyType":1,"closed":-1,"used":1693106129481,"created":1693104389470,"remoteIdentityKey":"BSedcMQ8SPaPe3NChicScnF+YVSJIt1NwMsnG1CKJadr"},"_chains":{"BeJ6JwMcBh9sA7t6K5bfP7CZ2n5Pn+KHJjrHLHhPJBcW":{"chainKey":{"counter":5,"key":"yinbDZGoQR/92ueEs6tI2eifxos2mXunSE5D8r0MxQI="},"chainType":2,"messageKeys":{}},"BXJJDv9fgoX3AJXnqoFaNzlvQOdQQ9PgBoVX1CTgYOtE":{"chainKey":{"counter":-1,"key":"uQrEil8cCr6EXiHje+oUVUDsANXy0bSrkH7kYSrApF0="},"chainType":1,"messageKeys":{}}}}},"version":"v1"}