{"_sessions":{"BWYGZbVwuWmS968hx1xGa/v0mWgvNLOczSUpuFhQT0Zh":{"registrationId":134,"currentRatchet":{"ephemeralKeyPair":{"pubKey":"BV6kipLgVeg5S4squrclksYwmXadbsIYHK15fXSny+4J","privKey":"qC4h7+DsxZ57HWMdjVms7nEtId+jbiAwYS3aa1Prm3k="},"lastRemoteEphemeralKey":"BWHv+6tsrefLG/0o6yJkXCM0JznYeJtRtsVp7v0o3D0g","previousCounter":0,"rootKey":"reef5+HJysIVOUKnoWhaMf3egE17AV9XCGz1MQcPh2Y="},"indexInfo":{"baseKey":"BWYGZbVwuWmS968hx1xGa/v0mWgvNLOczSUpuFhQT0Zh","baseKeyType":2,"closed":-1,"used":1693106127742,"created":1693106127742,"remoteIdentityKey":"BRxRSaZns2OduPxBBZX3xkRN4n65uOBWMvYYFojHS6Fn"},"_chains":{"BWHv+6tsrefLG/0o6yJkXCM0JznYeJtRtsVp7v0o3D0g":{"chainKey":{"counter":1,"key":"eb2dpRtdMweOeQzTHXn5WNXBK1/mDkGovtV9JANxkhI="},"chainType":2,"messageKeys":{}},"BV6kipLgVeg5S4squrclksYwmXadbsIYHK15fXSny+4J":{"chainKey":{"counter":-1,"key":"48h+x2JTScXQNMTPzKHDeC1Pm+VYeEDqm2EzVMQv9JI="},"chainType":1,"messageKeys":{}}}}},"version":"v1"}