{"_sessions":{"BdsMOhKeBF+VGsaCdBNXBd/qqN3YV/qns3JL9vjOmV16":{"registrationId":736876862,"currentRatchet":{"ephemeralKeyPair":{"pubKey":"BVWtiIB+mbRdvqK1Y6fpk2M3lwkwaxZIQdglnfPLE8xZ","privKey":"GMV7upWg20mQoyGg99690I/Ce9Ex0x+MwRF5AyqI134="},"lastRemoteEphemeralKey":"BQ0lCua7ChR2kKBvp00GfrL2SlHkqvEaOTScgodgYz1q","previousCounter":0,"rootKey":"oAXhw0+jQvZour3uL/t32Lv5Kw9laFlsrbJ/BBlfIKc="},"indexInfo":{"baseKey":"BdsMOhKeBF+VGsaCdBNXBd/qqN3YV/qns3JL9vjOmV16","baseKeyType":2,"closed":-1,"used":1693106100921,"created":1693106100921,"remoteIdentityKey":"BT1FS4qwgEJf73VMmV4f1TMr//+JXGMqIe8aS6BK03p2"},"_chains":{"BQ0lCua7ChR2kKBvp00GfrL2SlHkqvEaOTScgodgYz1q":{"chainKey":{"counter":2,"key":"s4VMt6dP9inLsK9qx5gfMoidjwsKLhI18NhLoAVHeS4="},"chainType":2,"messageKeys":{}},"BVWtiIB+mbRdvqK1Y6fpk2M3lwkwaxZIQdglnfPLE8xZ":{"chainKey":{"counter":-1,"key":"e8iTvhUsiamfiPwMDqxDPRZPnn9XlacWpVnSTuZ9Ceo="},"chainType":1,"messageKeys":{}}}}},"version":"v1"}