{"_sessions":{"BVpg/n+ypw0xoU4ipj8gez/1ZuX5WXsjfSia1kEKkh0P":{"registrationId":743324215,"currentRatchet":{"ephemeralKeyPair":{"pubKey":"Bbm61/GbP4eomq/K8n3arUEZVIUYZBdPTUWi5Ppo42kt","privKey":"WDpHqMejX6lhGPXbkU+hwthO6txRVcxHxojaUwYdJ2c="},"lastRemoteEphemeralKey":"BXxI9vsDqYO6qaYKjjLJLk/JjzcUe2JXMH5Qr36PfGYJ","previousCounter":0,"rootKey":"H2jVt9XZpUQcskyuKZM8/sJXzZ41gSCg03ruosT/eeU="},"indexInfo":{"baseKey":"BVpg/n+ypw0xoU4ipj8gez/1ZuX5WXsjfSia1kEKkh0P","baseKeyType":1,"closed":-1,"used":1693104390013,"created":1693104390013,"remoteIdentityKey":"Bc3Dub7iCHMmG1JFdcayAM3OxOu1NOKg55AuSOijPUMO"},"_chains":{"Bbm61/GbP4eomq/K8n3arUEZVIUYZBdPTUWi5Ppo42kt":{"chainKey":{"counter":0,"key":"vs2PIH2vFSVJDOcCqx69Xcq37gNS/hVXWy9tfnT+xfk="},"chainType":1,"messageKeys":{}}},"pendingPreKey":{"signedKeyId":41,"baseKey":"BVpg/n+ypw0xoU4ipj8gez/1ZuX5WXsjfSia1kEKkh0P","preKeyId":12691587}}},"version":"v1"}