{"_sessions":{"BSTsNiec2WBo0rAh84rRdl3QpUA2+cFOi3Cmbxd8oJ00":{"registrationId":496737007,"currentRatchet":{"ephemeralKeyPair":{"pubKey":"BU8GNJh9f9Xwm4bzPsFgqQPYUkDq36ioTuXhBTOEz8IY","privKey":"wBZ9MLyzdx7dZScS6FFj1UchVETvvNN0K2T/nJjKAmk="},"lastRemoteEphemeralKey":"BSpkwl3u+iWAgu3JEYd+tq1KU9CvwpmIBg744D25HA0Z","previousCounter":0,"rootKey":"CedWH+/ohp6/mcXFRXOcGieqkkBShB4xrJ6PDyxlteg="},"indexInfo":{"baseKey":"BSTsNiec2WBo0rAh84rRdl3QpUA2+cFOi3Cmbxd8oJ00","baseKeyType":1,"closed":-1,"used":1693104389876,"created":1693104389876,"remoteIdentityKey":"BSsYiGV0Swe+cKYqXVkXDMFA6Mbyr1kGXbUX/FAVL1MY"},"_chains":{"BU8GNJh9f9Xwm4bzPsFgqQPYUkDq36ioTuXhBTOEz8IY":{"chainKey":{"counter":0,"key":"Tbaz+WmdSg2o0oTf/O7UcpzyLYEc0+Ik/cPVPvb0hEY="},"chainType":1,"messageKeys":{}}},"pendingPreKey":{"signedKeyId":10,"baseKey":"BSTsNiec2WBo0rAh84rRdl3QpUA2+cFOi3Cmbxd8oJ00","preKeyId":15785911}}},"version":"v1"}