{"_sessions":{"Bd7AT863ERLjW61TIchiMbsonaIaAis3k0OWK8U4/sI1":{"registrationId":1635725262,"currentRatchet":{"ephemeralKeyPair":{"pubKey":"BWwM//RXk5hVCmNvVaI2ALYldku0AM1x2hbx0I8Ry2oi","privKey":"WCU6QB2oEYuSrAVNVxPcVZKzXMocKxX1gNcfNsvydWQ="},"lastRemoteEphemeralKey":"BaHuxFL2LOvNH+foshRAG1Z9yokPnNXm7EoexHgW/wcl","previousCounter":0,"rootKey":"U4sej1IREiGOOvu0UMXEwKrTfFJEdtoNq2O/zC+wXJ0="},"indexInfo":{"baseKey":"Bd7AT863ERLjW61TIchiMbsonaIaAis3k0OWK8U4/sI1","baseKeyType":1,"closed":-1,"used":1693104389519,"created":1693104389519,"remoteIdentityKey":"BXTZSACFQRsARFEU/pERjFbuTqklMuVZ9MYXkltV4Usb"},"_chains":{"BWwM//RXk5hVCmNvVaI2ALYldku0AM1x2hbx0I8Ry2oi":{"chainKey":{"counter":0,"key":"qhnDItO5TF4lfOO9PiSYBI/ytPNjBZicfsjwsZjkp00="},"chainType":1,"messageKeys":{}}},"pendingPreKey":{"signedKeyId":3,"baseKey":"Bd7AT863ERLjW61TIchiMbsonaIaAis3k0OWK8U4/sI1","preKeyId":12131998}}},"version":"v1"}