{"_sessions":{"Bcw4bJlhIebN/7X/CYwHBnUNvBt4sdQt1Ul1qo1U6CJx":{"registrationId":55688910,"currentRatchet":{"ephemeralKeyPair":{"pubKey":"BaKwhd7D+gwvBxg61NbypW347T3AO1IF+LdHgJD0E8Id","privKey":"AAH6H9kfc6mptQdafbIymRna7/KCBEepYIT+oCxLQEk="},"lastRemoteEphemeralKey":"BWyWZDdrTo6YK8Py0NNxgHNbpBGTGqLwaXlpZ125mMxB","previousCounter":0,"rootKey":"P9EGWi1wQfzuqinZIoebCKIuXnpHxVt24cEZv/oYpio="},"indexInfo":{"baseKey":"Bcw4bJlhIebN/7X/CYwHBnUNvBt4sdQt1Ul1qo1U6CJx","baseKeyType":2,"closed":-1,"used":1693106100864,"created":1693106100864,"remoteIdentityKey":"BcBmzl9doIhQ1TO6x6SsUucQuuRRgwGOO1m+WRh+e2QR"},"_chains":{"BWyWZDdrTo6YK8Py0NNxgHNbpBGTGqLwaXlpZ125mMxB":{"chainKey":{"counter":0,"key":"1+jFxhhn/+AJES9WaR5LF1BBTWDlc3RFXed35UUlLa8="},"chainType":2,"messageKeys":{}},"BaKwhd7D+gwvBxg61NbypW347T3AO1IF+LdHgJD0E8Id":{"chainKey":{"counter":-1,"key":"hV8u8Hp8wqWfJEywxX9kg1yekVzWyvdefm6YQpcuQ3U="},"chainType":1,"messageKeys":{}}}}},"version":"v1"}