{"_sessions":{"BRLYIlAkfi0JkZpfEsCsRVdFcLfQrjhO6QDWoGKDl5dh":{"registrationId":1618255014,"currentRatchet":{"ephemeralKeyPair":{"pubKey":"Bfebe45CmPh701i7tJ16aljtDCHb7yTKMgtqBQcIHeRU","privKey":"eLNqC/xzImoidVufhYEfTTzmRO5LGrL45FjCnsTwQ3w="},"lastRemoteEphemeralKey":"BeMPp68svS75E9vs9p8B81MRsX8+hG255fE4rzDzld0V","previousCounter":0,"rootKey":"/cT3U3sh26J9uwI+d6L7NlzNkJ3e0aircsJnj8Rikgg="},"indexInfo":{"baseKey":"BRLYIlAkfi0JkZpfEsCsRVdFcLfQrjhO6QDWoGKDl5dh","baseKeyType":2,"closed":-1,"used":1693106101100,"created":1693106101100,"remoteIdentityKey":"BbHU/Ll8xChTcm5VB2feVL/83sNmfmMFap9j8hKknTBh"},"_chains":{"BeMPp68svS75E9vs9p8B81MRsX8+hG255fE4rzDzld0V":{"chainKey":{"counter":0,"key":"uN95+bPqI06xrkrlgaV+nn+djWErypb+PjpxX2f+BIo="},"chainType":2,"messageKeys":{}},"Bfebe45CmPh701i7tJ16aljtDCHb7yTKMgtqBQcIHeRU":{"chainKey":{"counter":-1,"key":"bHWZPB0+pWjMGCM0IVexGuP1Pie1INltF2lRqThiicw="},"chainType":1,"messageKeys":{}}}}},"version":"v1"}