{"_sessions":{"BR3d1NaYtJjVjAG8W1AwlsnbLiSizDIzcQVeTe0wSe8N":{"registrationId":8334,"currentRatchet":{"ephemeralKeyPair":{"pubKey":"BUsq1ueABx0DFrVW2i+nCwQZKFmSzLxUQq6Mzt4AMf9b","privKey":"cETR4LRj6vl7bLxIrr6jHIz3tC2oTCuAdVx0lJsOREI="},"lastRemoteEphemeralKey":"BTUDssgpjedo6iAchWxxS93vbZ3IPLo/o+UMHR+PMBx8","previousCounter":0,"rootKey":"xwofCNIpb+aM5/0V7XlRJDDDjaomXgSJgb7bjl0vFrM="},"indexInfo":{"baseKey":"BR3d1NaYtJjVjAG8W1AwlsnbLiSizDIzcQVeTe0wSe8N","baseKeyType":1,"closed":-1,"used":1693104349763,"created":1693104349763,"remoteIdentityKey":"BSVRbYoLLXhphKJPqjykMIBoWvtSglECZforiAy6fB0j"},"_chains":{"BUsq1ueABx0DFrVW2i+nCwQZKFmSzLxUQq6Mzt4AMf9b":{"chainKey":{"counter":0,"key":"jCRokoZIvfBsNbTdfiwZleJ1mXqOs70g22nXpXEWczk="},"chainType":1,"messageKeys":{}}},"pendingPreKey":{"signedKeyId":4,"baseKey":"BR3d1NaYtJjVjAG8W1AwlsnbLiSizDIzcQVeTe0wSe8N"}}},"version":"v1"}