{"_sessions":{"BYrlxMf7GpgCHZSkYhqN7IWiKrmFrqDjnKZMHvbAxlh/":{"registrationId":653841553,"currentRatchet":{"ephemeralKeyPair":{"pubKey":"BVFiWHVDwXatMnQ3mXuAxUeLLBClEsM9ZcTlQfNoyUF8","privKey":"4PLPhdmZnCaSRFzUT9HIKtAWfoTUN+iTpoLtexy4rUY="},"lastRemoteEphemeralKey":"BaC7Yo9ZlatZ6d0Yre+XQTPMekErit/9gZ8UE+oXpS1G","previousCounter":0,"rootKey":"0nLOnt1iQhbmsC46e0KrF4Fh7owaui37C/2jHZZQfEY="},"indexInfo":{"baseKey":"BYrlxMf7GpgCHZSkYhqN7IWiKrmFrqDjnKZMHvbAxlh/","baseKeyType":2,"closed":-1,"used":1693104337401,"created":1693104337401,"remoteIdentityKey":"BbITlJj6GEoE860N/be4hjTUd9VkFLtXUex2SDSCPBUf"},"_chains":{"BaC7Yo9ZlatZ6d0Yre+XQTPMekErit/9gZ8UE+oXpS1G":{"chainKey":{"counter":0,"key":"f3yQCg6ssn7oouE0m3oHB3USaljEbgS8KdaEKeyJSMk="},"chainType":2,"messageKeys":{}},"BVFiWHVDwXatMnQ3mXuAxUeLLBClEsM9ZcTlQfNoyUF8":{"chainKey":{"counter":-1,"key":"b99SrIddnvHaK5IhM6eVmXPElrHnajFDSHHGkBAQuAg="},"chainType":1,"messageKeys":{}}}}},"version":"v1"}