{"_sessions":{"BV/rpr2ySZ64+UgsJlA4uscKLQsFohUDVVzzuce1MrA8":{"registrationId":1394647223,"currentRatchet":{"ephemeralKeyPair":{"pubKey":"BRfeTopckHVEPslwsBAJnhrOyPkY7F8fHFKDtzetGrhU","privKey":"OEy2Gf66830EqIVo1+QTdwsQWV3eyWKI3QXrC2L+XGk="},"lastRemoteEphemeralKey":"BZwYzYdv6Ru3k2q9Wbmgbyk1rv/5sWzXAFbByOd2UxRD","previousCounter":0,"rootKey":"YuoIrk1nWaFVGgUyJgQ4L2h0eqVcnRqSHMZgDKZVnpI="},"indexInfo":{"baseKey":"BV/rpr2ySZ64+UgsJlA4uscKLQsFohUDVVzzuce1MrA8","baseKeyType":2,"closed":-1,"used":1693106128507,"created":1693104344311,"remoteIdentityKey":"BVZk/XgdESi50NzoEfoggQljv8NfsK+2MR0uzNjmI809"},"_chains":{"Bb05NZlnBqMoJUtbS4HY86qXU4Pq3ppXNogF2PTScUBo":{"chainKey":{"counter":0},"chainType":2,"messageKeys":{}},"BZwYzYdv6Ru3k2q9Wbmgbyk1rv/5sWzXAFbByOd2UxRD":{"chainKey":{"counter":38,"key":"W7srHTa/GFuf2BMZJ31eBhNfL6TZsWpwKjFo6dDId9Q="},"chainType":2,"messageKeys":{"1":"YzOdzUkTpmA9sy59fomJ78OEkt/f/YTNc36P3/e5iyc=","2":"0PMjaFr4OuJnP7q/bM6m637JjPljZaCzaN2VzZvZm9I=","3":"SE9SDh30/3igTsgI4KToWHbHFxVruMi1svCMROb7ksg=","4":"tlz5hirKeZfSoGKzuNOcZUL3YIigb05b6IApNv7oyIg=","5":"qhxzAtAxFUhQxFJu2047D5zoAzV8aIl1cs9l1dpeUXE=","6":"Y6NJS5N1ko2P2Heii8Qw5o+Qp6cqpOFEkk7WwdPcEEE=","7":"EHyz/zhUvnB2PWH5e1q0Q2BG65oQ+R9u6N57/pszms0=","8":"KNxRvqv8Z0Qw/kF2fkOgNed1u0ZP5glXmTfaObGdOTI=","9":"RKRN2nomjdCQUGFIv12jaYlt9K72NLRhb4DhFd/M+ao=","10":"/76CVx8Gp21ys+LhrEhrBYk2bccuDXvdVSJ3JIQZqmk=","11":"RMdvLiM9+jQgSVNdNR8p9UId0zLGT9iHy0y4M+6FMc0=","12":"dwJQcc2x+ED9TyApPWKyomTzBlGOqfcy+B+ysD2M+S8=","13":"K4Ymyqvf1c4o9ZVuqFO6dc7l4aO7EW+ji2KT19VPHc4=","14":"KOr0GfncDlf1mPMh8iQ1fsCyAmS+dtvahIz0br0LnqU=","15":"uO6n8dYTP0PjuMNKGN0A0y3opZ5aK5rNC7+MxYITgfM=","16":"eXy2YydYulu6Rh6Ttq2koUC0XKzGy2oR79AjwHIfnMM=","17":"A19bt7BWUKOTWR3U8SDEmjln+RraNIoK/D0nQIYQ5BU=","18":"CuQnSOE1NQz9om7h7FWq5U/Gh+o9hI8v8dmzLcY7SOo=","19":"6nUehzWPAs0bXEb7y82K6zrXnjgSZlgMaJYISykoUmE=","20":"6IpJHCyO4TWMZhJDtu3zCuRSC6QkBVyP8eWUJ9L1mOw=","21":"ag4huexozS9iqrUEgihA6X/e0bhuDSy1S8ZN0YwAdkA=","22":"B9ELQVDudD5FJNq4jVj+l823GLCz9xwVY6Ft25AniI8=","23":"KMgiDwXKR2G1VAt8OjmGh7eA1QQ2U/oxwD/3AvBPNk0=","24":"rnA4KkGzqP+ts4qUjDDht3K2Bnb3KmGXZpR0Z1Kg1nE=","25":"52RdC9c+7Rng2DGKLrsR/BIUjaRxzB6wOahixPLfgGM=","26":"GPza3j8VT62hFXCTdKFj1LSDiuCZ04eT2ueumVqej/k=","27":"AOE/RzkyipktdFnxH+2N264YkPPubDxztokHkaunbvQ=","28":"iXa7R38lwxCBshFkSdk6fs7+0IfMzG60G5aGdGCb3o0=","29":"YL58xdLHcG0B4ERwuiVZO5umcdejP0kKoyLy9dKJSQA=","30":"LZ88lZQcbJsPvsszDbGibr2Kt6YS6T+n4xgOV+edjiU=","31":"PRbKTiWCQRy1GbcNAgyWxaGGNWGzqj4DpK/5MdbmdRY=","32":"s/0ILt2qYmHX7tNb+8a2Z8e8uZyXS4qWzRpX2GUcCes=","33":"df4Ye50GkKYxa/FlvTMQEtO4SVsU8DolbxbSOkAV8m0=","34":"TQcsC8f/oRzOuMUgrop85DO0qOgRVC77JZ4eZOn/cGo=","35":"e5duoO0kp+FM1SucIFoXbyHITHqamvITlpyo8XTrqrQ=","36":"AnGKdb39YUZfthwwmurrg8Kf9G3LUi2YQKV8mIl6v6A=","37":"f7eQKYkR6YFXEE0tYGzpBdq6SQV4FZGrbMgkqddAX2s="}},"BRfeTopckHVEPslwsBAJnhrOyPkY7F8fHFKDtzetGrhU":{"chainKey":{"counter":-1,"key":"a4O7DhWYDZAICxJbEw7GQdxpIBLbYU5u547owRFJLUE="},"chainType":1,"messageKeys":{}}}}},"version":"v1"}