{"_sessions":{"Bc/fXjob9OlQ8ZPloudMGN6gPLr35las7PISJGNXC15c":{"registrationId":365106764,"currentRatchet":{"ephemeralKeyPair":{"pubKey":"BVEQYgcFj21Xg8vo9VFCz+PzWNkgitaQD3Lf4VF3oBUY","privKey":"eKpe3VMVYCpl1OCL1yAX+3j8+g498srCDDsoY/9mV0I="},"lastRemoteEphemeralKey":"Bekl1Xqn4ekp0WfbeoDaXiGeDhRKuFsp51SeXwSQmRZC","previousCounter":0,"rootKey":"jPqEdaDt7KvYE81hrKF+kdetQr+a1Am5XFf5HhmGzjE="},"indexInfo":{"baseKey":"Bc/fXjob9OlQ8ZPloudMGN6gPLr35las7PISJGNXC15c","baseKeyType":2,"closed":-1,"used":1693106127721,"created":1693106127721,"remoteIdentityKey":"BScsicXdfUeF248TP1PNeVtp8ZE22P/ZjremMOvACB4Y"},"_chains":{"Bekl1Xqn4ekp0WfbeoDaXiGeDhRKuFsp51SeXwSQmRZC":{"chainKey":{"counter":1,"key":"D9xbftVcum7O3pL1CBKJLGYB+lBCTtZcRzlptbvYEHw="},"chainType":2,"messageKeys":{"0":"mMm1dG2SBwj2Ex8ENuScGpRyIEnmbXSb65fgRAU+aUg="}},"BVEQYgcFj21Xg8vo9VFCz+PzWNkgitaQD3Lf4VF3oBUY":{"chainKey":{"counter":-1,"key":"LBO0pjhfeDT0l8Ffm4hSWxm0H5a8MfH66idX4NQyegg="},"chainType":1,"messageKeys":{}}}}},"version":"v1"}