{"_sessions":{"Bbw5XmxjsKMgK//ihZ8dM6etOIiRFsHQAEc8YHFth7VB":{"registrationId":1313592157,"currentRatchet":{"ephemeralKeyPair":{"pubKey":"BSt/sS3fdVKfskGGq7EvOuuluJ4voHYrgMymvAEmgXFj","privKey":"AOtPiZQJuHEyTvlSMnzKM5t4mc2uFPGWMtXeN4GsFlc="},"lastRemoteEphemeralKey":"Be/Oz/LKQ3fgCi3CzlqxYqVATDkUcoVWM9CtXhfFiFcv","previousCounter":0,"rootKey":"kVziCE2cR3QhAzrn+YM0z6nkMF3ehgIT52scFZlBxPs="},"indexInfo":{"baseKey":"Bbw5XmxjsKMgK//ihZ8dM6etOIiRFsHQAEc8YHFth7VB","baseKeyType":2,"closed":-1,"used":1693106127547,"created":1693106127547,"remoteIdentityKey":"BTP9e0AXGF5dq1iKXT4G0ZNCBwWNfMfIXTFTZtYQkiZ4"},"_chains":{"Be/Oz/LKQ3fgCi3CzlqxYqVATDkUcoVWM9CtXhfFiFcv":{"chainKey":{"counter":0,"key":"T2eMjHIv86ayTF6WEJgpPLm7ciGqPhjqnRpQktWILmc="},"chainType":2,"messageKeys":{}},"BSt/sS3fdVKfskGGq7EvOuuluJ4voHYrgMymvAEmgXFj":{"chainKey":{"counter":-1,"key":"ZiVU5as4DyM/7p758K6EhyvSgPbTx99yCmd8lW2mpVE="},"chainType":1,"messageKeys":{}}}}},"version":"v1"}