{"_sessions":{"BTFWU3rDjbUgVTHA6adzXOgDM3NKcJV47q1S22MerLIZ":{"registrationId":1487699263,"currentRatchet":{"ephemeralKeyPair":{"pubKey":"BagjJYn1o5C4XcGWsUoQL5Ctwaq18qrQ/6YGppq5eCBf","privKey":"QCDAyrsWuzuRj1rentHATmiNFtMzxy2WzgiZFOH0dXA="},"lastRemoteEphemeralKey":"BT10Y2A9opopgaT0w4gWU3M4P7HFdqQmBACdUxL7aNVZ","previousCounter":0,"rootKey":"GKIqGLlBTqQUH8hs+W7YO2Hyki7wrUo6wuukEb3VPZE="},"indexInfo":{"baseKey":"BTFWU3rDjbUgVTHA6adzXOgDM3NKcJV47q1S22MerLIZ","baseKeyType":1,"closed":-1,"used":1693104389601,"created":1693104389601,"remoteIdentityKey":"BU076hV0E52jrBaZWjIyeiGTbglorZMlo3kWsanWydFQ"},"_chains":{"BagjJYn1o5C4XcGWsUoQL5Ctwaq18qrQ/6YGppq5eCBf":{"chainKey":{"counter":0,"key":"OgEwQHU/tkljHrPOCeiHJFenhIZongqbg9xEGYa5pFA="},"chainType":1,"messageKeys":{}}},"pendingPreKey":{"signedKeyId":16,"baseKey":"BTFWU3rDjbUgVTHA6adzXOgDM3NKcJV47q1S22MerLIZ","preKeyId":1130046}}},"version":"v1"}