{"_sessions":{"BaWUlAc5eOVoCUs8PNTdjmLrO/cZKAXTfHAia1TgrPYj":{"registrationId":398804722,"currentRatchet":{"ephemeralKeyPair":{"pubKey":"BY8uBV2PcCFjUT7D4oOy1/pDmJTTSihN2OnfUvvCKH4e","privKey":"MAxdPSQF24HwzWZ0skjpuFjoJlwWgpNpnXijTcq2/Hg="},"lastRemoteEphemeralKey":"BYverwXQJOSHiyflNYM9iMad/FplDMh9uVPQXRyY2vZz","previousCounter":0,"rootKey":"ljoDjYi0WpD/3cCXvsXYfVw/PWoKIFjT81iv/j+6EGc="},"indexInfo":{"baseKey":"BaWUlAc5eOVoCUs8PNTdjmLrO/cZKAXTfHAia1TgrPYj","baseKeyType":1,"closed":-1,"used":1693104389674,"created":1693104389674,"remoteIdentityKey":"BRGki1bpIPO5KTc3u4uhcPAIfDsDgHrBAfKhH0kYWOoK"},"_chains":{"BY8uBV2PcCFjUT7D4oOy1/pDmJTTSihN2OnfUvvCKH4e":{"chainKey":{"counter":0,"key":"yIE3MZ3UfdWkqHwsZmXc0d1a2giI5ic03v2bvr0CIDw="},"chainType":1,"messageKeys":{}}},"pendingPreKey":{"signedKeyId":27,"baseKey":"BaWUlAc5eOVoCUs8PNTdjmLrO/cZKAXTfHAia1TgrPYj","preKeyId":170343}}},"version":"v1"}