{"_sessions":{"BWHee2Mb0SctaxqHPuohm5kBm0Lo+HDBv+Vv+ySFix89":{"registrationId":475889726,"currentRatchet":{"ephemeralKeyPair":{"pubKey":"BfaUJCQ8idHmKteMD4pd8YYcruyXPoXGj5mPehGfSfgK","privKey":"cHNsy5FD6QHPc9JBy49qIv6Yr9HPfq90KM6yVeT5rEQ="},"lastRemoteEphemeralKey":"BXjZxae0cWZRftUKFMZpYh0xG84dHCjoC4Er2Ew1I1V2","previousCounter":0,"rootKey":"TekLbuupKBKoB5/orYjYgkwcihP1hTsTCf/ak9bE2B0="},"indexInfo":{"baseKey":"BWHee2Mb0SctaxqHPuohm5kBm0Lo+HDBv+Vv+ySFix89","baseKeyType":1,"closed":-1,"used":1693106184782,"created":1693106184782,"remoteIdentityKey":"BTIEVEFoLI4PHQ8mRKAkMkBKi1FH0gPMJX5HhCdublZV"},"_chains":{"BfaUJCQ8idHmKteMD4pd8YYcruyXPoXGj5mPehGfSfgK":{"chainKey":{"counter":0,"key":"Wx36QiqN1y1q0wNs/5MtG/y74jPWqAJax0yIn5CDv8g="},"chainType":1,"messageKeys":{}}},"pendingPreKey":{"signedKeyId":0,"baseKey":"BWHee2Mb0SctaxqHPuohm5kBm0Lo+HDBv+Vv+ySFix89","preKeyId":14265228}}},"version":"v1"}