{"_sessions":{"Ba/E7HaRPLLT4HUyXoAMBvDpe7DidnFImwEV1EGpYP1e":{"registrationId":8542,"currentRatchet":{"ephemeralKeyPair":{"pubKey":"BXKbr827pes+7hnBma4ZzTkKOXvFy/4QX+qZIZf4dSU9","privKey":"SOGqrj7Nqg3gsKnQohpsgm4tIL94/z8+HpH+eLCJQmU="},"lastRemoteEphemeralKey":"BXv7wEXMjsQMOud7z2zQgNqtuxksps8V/tYDhjachTxN","previousCounter":0,"rootKey":"5CH8CO4KiLQPj4CeBHnLAESJCgyRD6blNf5qUk/NHgw="},"indexInfo":{"baseKey":"Ba/E7HaRPLLT4HUyXoAMBvDpe7DidnFImwEV1EGpYP1e","baseKeyType":1,"closed":-1,"used":1693104349740,"created":1693104349740,"remoteIdentityKey":"BRazXZlsGIOh6QMPVG7GFnjdyP4rzEfJiuv+9bk0MFho"},"_chains":{"BXKbr827pes+7hnBma4ZzTkKOXvFy/4QX+qZIZf4dSU9":{"chainKey":{"counter":0,"key":"pctpILU2NNwuFGyzJr/QUOUAI+3HVRYSIPykQd0Qje8="},"chainType":1,"messageKeys":{}}},"pendingPreKey":{"signedKeyId":1,"baseKey":"Ba/E7HaRPLLT4HUyXoAMBvDpe7DidnFImwEV1EGpYP1e","preKeyId":202}}},"version":"v1"}