{"_sessions":{"BYziXcD4zNoEqnyPrZEjyKBib+ATII4Y/KjwDP8VR/BU":{"registrationId":85,"currentRatchet":{"ephemeralKeyPair":{"pubKey":"BbLvj3XPFVYmkwURGnTtb+E5FtX5CMFR2Ddw5+TueNgm","privKey":"WPM0NeBwb6Ar9rSLce+JLQ203sXnFVgrGcydjej6tl8="},"lastRemoteEphemeralKey":"Bb1glQ1Ytx+BmfX3juFCoAIghtY+M+DU/8gcB06H5tpc","previousCounter":0,"rootKey":"gdtMtSogSO1Zp3Xhq6Ncw+rHERkIOKwMf+c9EKm4PMo="},"indexInfo":{"baseKey":"BYziXcD4zNoEqnyPrZEjyKBib+ATII4Y/KjwDP8VR/BU","baseKeyType":1,"closed":1693106184945,"used":1693106184689,"created":1693106184689,"remoteIdentityKey":"BWHfiLMfKUBTj0ERJSL59R9V2XhgbOj7uL8nQcF1MbQ1"},"_chains":{"BbLvj3XPFVYmkwURGnTtb+E5FtX5CMFR2Ddw5+TueNgm":{"chainKey":{"counter":0,"key":"jlYWCmI4ll7Y0vfmWXdp+QCHzXyMlVeWB0yHDU6Ze9M="},"chainType":1,"messageKeys":{}}},"pendingPreKey":{"signedKeyId":1,"baseKey":"BYziXcD4zNoEqnyPrZEjyKBib+ATII4Y/KjwDP8VR/BU","preKeyId":514}},"BemnrPN9If+ri2PpktOv3eFTHF5S/Y1NmOuGfyezbD5y":{"registrationId":85,"currentRatchet":{"ephemeralKeyPair":{"pubKey":"BW3nPHrHZxQEAy1+WDbribufJPCUaoOkYdwBUi67nK45","privKey":"6C9Q1ubWgemmSD+scGytKxP4oBo/BUfkJNY1GDs2D3c="},"lastRemoteEphemeralKey":"BZp/U0k4y1Ib9cvve/zZv4eHUYR8ipms+kF2an9USsYU","previousCounter":0,"rootKey":"Cmls5TKmgVIedi95TPSgj4zl2bZga5Bp07oDlB1C1aY="},"indexInfo":{"baseKey":"BemnrPN9If+ri2PpktOv3eFTHF5S/Y1NmOuGfyezbD5y","baseKeyType":2,"closed":-1,"used":1693106184961,"created":1693106184961,"remoteIdentityKey":"BWHfiLMfKUBTj0ERJSL59R9V2XhgbOj7uL8nQcF1MbQ1"},"_chains":{"BZp/U0k4y1Ib9cvve/zZv4eHUYR8ipms+kF2an9USsYU":{"chainKey":{"counter":0,"key":"/WEiITvzbqNnIVQEtM5t8ERpVAfas4va6huGEP2/Q1w="},"chainType":2,"messageKeys":{}},"BW3nPHrHZxQEAy1+WDbribufJPCUaoOkYdwBUi67nK45":{"chainKey":{"counter":-1,"key":"81rHcf6TVA8giZurnlrxWV/IXUKIJ94nP8RPBFon8xA="},"chainType":1,"messageKeys":{}}}}},"version":"v1"}