{"_sessions":{"BeCiu4EEM6XBTNEls8fgmbz0OUfxsWWAKWoDEBEXGv50":{"registrationId":163,"currentRatchet":{"ephemeralKeyPair":{"pubKey":"BVN87ysWcR184fob8g1lmZmWM4Yu/oTk/LDk7MCvTl0g","privKey":"cJrL1ZmLGWD80zeo2xCS4of0tN9xTwISjfpcnAGqn04="},"lastRemoteEphemeralKey":"BWGRhAeChiPPumCnQ2ufAzl3EtHjT3MF+Q1lW4VcYqYN","previousCounter":0,"rootKey":"oYMl9SjkvOQ/LEDt5kqdHNT8phguQGN5q/ilyepsqWg="},"indexInfo":{"baseKey":"BeCiu4EEM6XBTNEls8fgmbz0OUfxsWWAKWoDEBEXGv50","baseKeyType":1,"closed":1693104396398,"used":1693104389436,"created":1693104389436,"remoteIdentityKey":"BcZYRSl5DnSj0F8QxJvUDPVBHhPwHZywATGkXW4U5p1u"},"_chains":{"BVN87ysWcR184fob8g1lmZmWM4Yu/oTk/LDk7MCvTl0g":{"chainKey":{"counter":0,"key":"PHVhaIfdi5F5RKWx3VySchFd4ZxQ5oKAwkTqGc+/++4="},"chainType":1,"messageKeys":{}}},"pendingPreKey":{"signedKeyId":1,"baseKey":"BeCiu4EEM6XBTNEls8fgmbz0OUfxsWWAKWoDEBEXGv50","preKeyId":7854}},"BcM2PYmf9fI/JhId8fQmhBO6rY+c3KVCKf27jVUk/JYg":{"registrationId":163,"currentRatchet":{"ephemeralKeyPair":{"pubKey":"BTjoFhH1gFl5vITAnCQBGCTpOG/ge181/62SYuGHD2RW","privKey":"YK/fdXPwMymyEsKtFSOfm2uiGnNiwh/oQPeWlKHqV2I="},"lastRemoteEphemeralKey":"BbLvJyPVygW376QfeAl65vLR/lTRdzIFPaQ1zmNiVHwT","previousCounter":0,"rootKey":"0N84WpwiSepbEWgVC/C++c8uVGY7W5VO9/RYuDEqjS0="},"indexInfo":{"baseKey":"BcM2PYmf9fI/JhId8fQmhBO6rY+c3KVCKf27jVUk/JYg","baseKeyType":2,"closed":-1,"used":1693104396416,"created":1693104396416,"remoteIdentityKey":"BcZYRSl5DnSj0F8QxJvUDPVBHhPwHZywATGkXW4U5p1u"},"_chains":{"BbLvJyPVygW376QfeAl65vLR/lTRdzIFPaQ1zmNiVHwT":{"chainKey":{"counter":2,"key":"sajV2CdSRxlMHIpGdYVCrOZp0dNf4DiDFQ1/rs4pN+A="},"chainType":2,"messageKeys":{}},"BTjoFhH1gFl5vITAnCQBGCTpOG/ge181/62SYuGHD2RW":{"chainKey":{"counter":-1,"key":"Y95vvUlOucFcGoPde2mIsULM5dlqt6xMiT2J1blupSU="},"chainType":1,"messageKeys":{}}}}},"version":"v1"}