{"_sessions":{"BUMgIxx24P938VV3DjStVC8BPH2KTSvnJJE+P0eVX307":{"registrationId":1632709054,"currentRatchet":{"ephemeralKeyPair":{"pubKey":"BUNoCxJD871S8rFHRyUewAfA2IThepx+/KtzpfTgI58A","privKey":"UNTcStLgKkCZkMhm/AWAgsNmfjDr4aIVGdcMgHVmFHc="},"lastRemoteEphemeralKey":"BUi9J24/x0CTmq/Z+DqhPIEyn9GGHN0ITSYTb71O8cNF","previousCounter":0,"rootKey":"aeWarziu5AG8lNX9h6u0gVzAv15ga08upFoEx0Vko5U="},"indexInfo":{"baseKey":"BUMgIxx24P938VV3DjStVC8BPH2KTSvnJJE+P0eVX307","baseKeyType":2,"closed":-1,"used":1693106101182,"created":1693106101182,"remoteIdentityKey":"BdBeKgBeUMP+M/G4YhpAX7+n0H6BTXHSdxT9ig7f+csF"},"_chains":{"BUi9J24/x0CTmq/Z+DqhPIEyn9GGHN0ITSYTb71O8cNF":{"chainKey":{"counter":0,"key":"xnGqtydwaX/1XMy2H7+tIgY5cGyKPBiSlC+FQ+1QPh4="},"chainType":2,"messageKeys":{}},"BUNoCxJD871S8rFHRyUewAfA2IThepx+/KtzpfTgI58A":{"chainKey":{"counter":-1,"key":"eOxI9cijpEI0ftZIZ/D1aIa2dgPHaQBcATEjctEc9D0="},"chainType":1,"messageKeys":{}}}}},"version":"v1"}