{"_sessions":{"BcQtKMbdBRgpmEv3156sMscOmWQSU1VfChQEZUeBrb4t":{"registrationId":156660247,"currentRatchet":{"ephemeralKeyPair":{"pubKey":"BfVXo/LFiCDuQASBy9IhJAvgFcaB/Zdqu9qYrViPYhhv","privKey":"APYFi05K0fDALnQdAky7lnHGQJFRwL93kDltY8TRzVc="},"lastRemoteEphemeralKey":"BRTK86HTmOUGeiJB5Kj+sKHFlctslQgKW3ntjXtbYIBx","previousCounter":0,"rootKey":"ojwZZORAwov87/pWAHOQB3tJJ3Jjze8oXndqOFUalhY="},"indexInfo":{"baseKey":"BcQtKMbdBRgpmEv3156sMscOmWQSU1VfChQEZUeBrb4t","baseKeyType":1,"closed":-1,"used":1693106128523,"created":1693104349986,"remoteIdentityKey":"Bd3w3dR2iTKD2RbxKsDmWlLZgIEA/5utEl+po7HQyIVQ"},"_chains":{"BRTK86HTmOUGeiJB5Kj+sKHFlctslQgKW3ntjXtbYIBx":{"chainKey":{"counter":1,"key":"0ge9A4WLVFGfOmpjPs9zZ2G42coiisctR2TjO2nDnh8="},"chainType":2,"messageKeys":{}},"BfVXo/LFiCDuQASBy9IhJAvgFcaB/Zdqu9qYrViPYhhv":{"chainKey":{"counter":-1,"key":"uumdQJbfsBna3uRd8Sjp9V8sJXO9fu9U1hqZpO3YmJk="},"chainType":1,"messageKeys":{}}}}},"version":"v1"}