{"_sessions":{"BdBkwtt+O/nZJ2rXVahq9V+FK9NzrpCuDvdFDNXQc7IO":{"registrationId":1807112706,"currentRatchet":{"ephemeralKeyPair":{"pubKey":"BVoZdY2Zf8hvv8wzU3T3sgbE+9h45boFeK7nYo6jI2Au","privKey":"uKRAolHVcVOgNINAlQ+Dj+tkOHQsSqLjCXv17TlvnmQ="},"lastRemoteEphemeralKey":"Baa4xbwBLcfeVoG6a5CBHDlB/xry0kNB6tlPiEp7qE1B","previousCounter":0,"rootKey":"3AZDjCAgTa6n6QcaI8BnUg2ZCpeIAbRkHQqaLJeLt1g="},"indexInfo":{"baseKey":"BdBkwtt+O/nZJ2rXVahq9V+FK9NzrpCuDvdFDNXQc7IO","baseKeyType":1,"closed":-1,"used":1693106184731,"created":1693106184731,"remoteIdentityKey":"BVqYpY/LLAS8Y5MVbKia7NLdKnEJjpxDjMFwO8iuYh5D"},"_chains":{"BVoZdY2Zf8hvv8wzU3T3sgbE+9h45boFeK7nYo6jI2Au":{"chainKey":{"counter":0,"key":"WNWY9DwH7QvQAjn2T0x1faXJVt3iJ+lP06fqnPeYJuo="},"chainType":1,"messageKeys":{}}},"pendingPreKey":{"signedKeyId":1,"baseKey":"BdBkwtt+O/nZJ2rXVahq9V+FK9NzrpCuDvdFDNXQc7IO","preKeyId":9684323}}},"version":"v1"}