{"_sessions":{"BU2a0Irn5P6bMGfuBIr/jmtVnEeQtsckZFcVGKAZ461l":{"registrationId":1795773805,"currentRatchet":{"ephemeralKeyPair":{"pubKey":"BVO+R3MHkttgB6FkIem3EOs9/BI8etoyJMD0GISvpeMJ","privKey":"2MpVoLpDdeQJhUyrps6E9T7YKLKVpP6e9Qy6VvfA0Vg="},"lastRemoteEphemeralKey":"BaaQ4UHB+CRwP4p0yPuNr/y8kBybnHJScmrkzGansjw5","previousCounter":0,"rootKey":"oWtV9GckJeszB4jp1yt/+LL3bQEBVlRqW2FM904JyyM="},"indexInfo":{"baseKey":"BU2a0Irn5P6bMGfuBIr/jmtVnEeQtsckZFcVGKAZ461l","baseKeyType":2,"closed":-1,"used":1693106100687,"created":1693106100687,"remoteIdentityKey":"BSS9/wyQbDTveu4VR4dwLtMDIsIGuUEs5wskarqeSShz"},"_chains":{"BaaQ4UHB+CRwP4p0yPuNr/y8kBybnHJScmrkzGansjw5":{"chainKey":{"counter":0,"key":"b9+CMVMFwcINQIFyHq1t12YbOPYyOLdiPTAFISTz7aQ="},"chainType":2,"messageKeys":{}},"BVO+R3MHkttgB6FkIem3EOs9/BI8etoyJMD0GISvpeMJ":{"chainKey":{"counter":-1,"key":"NKeY71JqC8xT9CkA9b3Pd4pfgYfxkJa1Kd7NTj2JxAY="},"chainType":1,"messageKeys":{}}}}},"version":"v1"}