{"_sessions":{"BVpdg1mCNANDC/n9sAL6t0tAAZK+cK2tWw0OpQtEOHxV":{"registrationId":32,"currentRatchet":{"ephemeralKeyPair":{"pubKey":"BSAqjFeBxSeOb+zc+dEaIZcf1POeS5vmy7sfEov8J4I/","privKey":"kFA9Am0zdVmBIUeVLCIeHCB4G7mUvj3tQ05+qvyYqVY="},"lastRemoteEphemeralKey":"BatMJU85IHEoL/hCXCCTQFoX8hCM8Hx1HwSYmXYw4+sk","previousCounter":0,"rootKey":"Xu2JNI8ZGfBIzTEN7JBWrvyd9DGOCmUZt54sA2Ixeu0="},"indexInfo":{"baseKey":"BVpdg1mCNANDC/n9sAL6t0tAAZK+cK2tWw0OpQtEOHxV","baseKeyType":1,"closed":-1,"used":1693104371890,"created":1693104371890,"remoteIdentityKey":"BW4APVp6tdmj4fY2OPcvuWR/CXA204fNDTnq3I8yFUUl"},"_chains":{"BSAqjFeBxSeOb+zc+dEaIZcf1POeS5vmy7sfEov8J4I/":{"chainKey":{"counter":5,"key":"C8WOX4JHhNkz5eEmqdZU/3dNqGKmtw5Hr0SbT0Rlh6w="},"chainType":1,"messageKeys":{}}},"pendingPreKey":{"signedKeyId":1,"baseKey":"BVpdg1mCNANDC/n9sAL6t0tAAZK+cK2tWw0OpQtEOHxV"}}},"version":"v1"}