{"_sessions":{"BWp2l5iVGyOmbpzgjw5r8q2jb42lgn7/6Zhz/FqZSJhI":{"registrationId":1945224940,"currentRatchet":{"ephemeralKeyPair":{"pubKey":"Bbbc3j2bQ5gosG3t7BBxGABIuquN2AZ9BBggRfp7iYwP","privKey":"QORBkZaIRif2GAF45PHThe69gY5P1zyUxoZDPkqCXV0="},"lastRemoteEphemeralKey":"BYKd8xiiWvbV+JAaq+d8WcDC7y8ce3CxNEhG2AlIAEoU","previousCounter":0,"rootKey":"0IOWPJV8/cYcZKknTQzLF6dL3iORKHWReGi35ONEnqY="},"indexInfo":{"baseKey":"BWp2l5iVGyOmbpzgjw5r8q2jb42lgn7/6Zhz/FqZSJhI","baseKeyType":2,"closed":-1,"used":1693106127525,"created":1693106127525,"remoteIdentityKey":"Bb5ciG7C4uPptP3zxfeNdPg1xlkqNX4gz4A3iL0ZBEwd"},"_chains":{"BYKd8xiiWvbV+JAaq+d8WcDC7y8ce3CxNEhG2AlIAEoU":{"chainKey":{"counter":18,"key":"QBJy7dmh4ZgyPWE8w3eq5vDw3SX9y6ntgc4vVfMKpOs="},"chainType":2,"messageKeys":{}},"Bbbc3j2bQ5gosG3t7BBxGABIuquN2AZ9BBggRfp7iYwP":{"chainKey":{"counter":-1,"key":"C0fcXattLeXcpRQwFtJaFA1/7xix2pnTzWmTWR3BZHE="},"chainType":1,"messageKeys":{}}}}},"version":"v1"}