{"_sessions":{"BYCEB+Y2fQ37AFuNrFrREFoA/wRgFrn67VOyD7mBvqsU":{"registrationId":648072365,"currentRatchet":{"ephemeralKeyPair":{"pubKey":"BfqxH7lhqLO08mEEw1XrR8USwTrIpEV0qmsyI8q3PEpf","privKey":"WKGdhSYE5OZVbVB0Wladec9NFrhZGHfZ39i5uKwRq3Y="},"lastRemoteEphemeralKey":"Bcju3pkCn/MacUvlAQQpTeqlKOPXKjLOMKr6KNwOSJhg","previousCounter":0,"rootKey":"DkHn3xsYFMAXmgxJMUZpLx0mvzYEOAqxdBUTEpIhZPc="},"indexInfo":{"baseKey":"BYCEB+Y2fQ37AFuNrFrREFoA/wRgFrn67VOyD7mBvqsU","baseKeyType":1,"closed":-1,"used":1693104389728,"created":1693104389728,"remoteIdentityKey":"Bf4yIKE6KduLkeI6mfJNbs7LJ2t2FgfqqKIJkkxB+HQc"},"_chains":{"BfqxH7lhqLO08mEEw1XrR8USwTrIpEV0qmsyI8q3PEpf":{"chainKey":{"counter":0,"key":"e/Gr0TfyQEcwiXA1CBVIwnTwusv4iQSq/jHk965Izto="},"chainType":1,"messageKeys":{}}},"pendingPreKey":{"signedKeyId":0,"baseKey":"BYCEB+Y2fQ37AFuNrFrREFoA/wRgFrn67VOyD7mBvqsU"}}},"version":"v1"}