{"_sessions":{"BYWTn96gbF5+Hrg9Dl2QG27FYKPIoTCtI86lsJRjC71M":{"registrationId":20,"currentRatchet":{"ephemeralKeyPair":{"pubKey":"BXR4bOqUytupPtPvvroyUOVnV7HyAm62VLp49SAOJjlH","privKey":"ADmD6SJ8kJLEZ9HCuhhyjh/ciXigSTPMrdnlby65jXA="},"lastRemoteEphemeralKey":"BVYMjrZ7en4wq+uyuVqUJk7BwFu4l+HBx6ANhMuiyQFA","previousCounter":0,"rootKey":"Xs12G34tTYO/Ga7cBP1e4a8F7x05IapHsDLYzcPj+Ko="},"indexInfo":{"baseKey":"BYWTn96gbF5+Hrg9Dl2QG27FYKPIoTCtI86lsJRjC71M","baseKeyType":1,"closed":-1,"used":1693104389447,"created":1693104389447,"remoteIdentityKey":"BdxZuG64OUWF19JfaQha9sGQOkmbTEupGW69lVDh5sJm"},"_chains":{"BXR4bOqUytupPtPvvroyUOVnV7HyAm62VLp49SAOJjlH":{"chainKey":{"counter":0,"key":"6m23VNQIcAiI4QQm495DXIFfW07VwjGoz7wrQr1de10="},"chainType":1,"messageKeys":{}}},"pendingPreKey":{"signedKeyId":1,"baseKey":"BYWTn96gbF5+Hrg9Dl2QG27FYKPIoTCtI86lsJRjC71M"}}},"version":"v1"}