{"_sessions":{"BQ+LzQifZhXNoV4vkNt9RJZp9Irn5sk7gbvdeWlrDbM4":{"registrationId":156062013,"currentRatchet":{"ephemeralKeyPair":{"pubKey":"BX59xYPCMxMBoKCWsBVr97t2gkuF7Sdf+c+5z7H7T3wj","privKey":"CHqzw6dsVa/xT5j/JuR8Ood0EkZk2H91GRUC2ETfe04="},"lastRemoteEphemeralKey":"BUPSA9x05g8FhDmpUfYJGDFDKcUh/LJCvul/oYRBrmgU","previousCounter":0,"rootKey":"IMQQQA/B20TjRRgQg+av6NoHOgk9aj2J58MOUqxUpQk="},"indexInfo":{"baseKey":"BQ+LzQifZhXNoV4vkNt9RJZp9Irn5sk7gbvdeWlrDbM4","baseKeyType":1,"closed":-1,"used":1693106184753,"created":1693106184753,"remoteIdentityKey":"BVUGdtGzD8OZDYqNfzPWHFb5Ue8dNDjW72wbkukwj0pw"},"_chains":{"BX59xYPCMxMBoKCWsBVr97t2gkuF7Sdf+c+5z7H7T3wj":{"chainKey":{"counter":0,"key":"YM6HbTH85OSmBcc7ur+AF2k6302W8FlPZnceJ71GrsU="},"chainType":1,"messageKeys":{}}},"pendingPreKey":{"signedKeyId":27,"baseKey":"BQ+LzQifZhXNoV4vkNt9RJZp9Irn5sk7gbvdeWlrDbM4","preKeyId":6731688}}},"version":"v1"}