{"_sessions":{"BYL8iIK8Wx1Au/haqxvAaQX0eEYj0D30F13bGD0Z9SUd":{"registrationId":77892582,"currentRatchet":{"ephemeralKeyPair":{"pubKey":"BeWwHYOxKKV+A1tybda9Z6u82I3gPc8TQZ2VH1UU3lYs","privKey":"6NMVHDkQZrVJE/YiWlk3Dww/anagWduNDPRrwfWdRVo="},"lastRemoteEphemeralKey":"BV7xOnb5lWNn0EXaqSxFofyl+WSpu+bfBNzRTHVEozpu","previousCounter":0,"rootKey":"C87nv0dKtkc6vz4PfehOb2kiKN7BRrehgZ2laiV2hOo="},"indexInfo":{"baseKey":"BYL8iIK8Wx1Au/haqxvAaQX0eEYj0D30F13bGD0Z9SUd","baseKeyType":2,"closed":-1,"used":1693106127636,"created":1693106127636,"remoteIdentityKey":"BVaG/0QE0Jd+3cr326ab5ECzupqJvjWAkvs8wbRmpYRb"},"_chains":{"BV7xOnb5lWNn0EXaqSxFofyl+WSpu+bfBNzRTHVEozpu":{"chainKey":{"counter":0,"key":"OdSqyLkjmWbcpwfvSbGxvosuYdSfJF0+69pcIkBTppI="},"chainType":2,"messageKeys":{}},"BeWwHYOxKKV+A1tybda9Z6u82I3gPc8TQZ2VH1UU3lYs":{"chainKey":{"counter":-1,"key":"KQJtgvgR26L52Giagc46hzUGdHlm+3J1cD7pOQXF63Y="},"chainType":1,"messageKeys":{}}}}},"version":"v1"}