{"_sessions":{"BdQzcALsLKozD9Z4XLcGDQVuWRHRCkCvqhoM48WBD1U/":{"registrationId":900809782,"currentRatchet":{"ephemeralKeyPair":{"pubKey":"BaQur2p9TcIIBvVv79cY67/jxbj6bXCNoslm6ljJ7D1b","privKey":"WEbdmWjnZLSu7edl61ynYdsxvEQsdGx5d5KzuMGAUF0="},"lastRemoteEphemeralKey":"BTyUO8kftShPlnTCBoMLh8IhYBkoJwuj9VLmXsvxiP8p","previousCounter":0,"rootKey":"ljuCUz2ew+9NrT03KcgEbbZfq1TAj7Ji5Bg1oiw7Kto="},"indexInfo":{"baseKey":"BdQzcALsLKozD9Z4XLcGDQVuWRHRCkCvqhoM48WBD1U/","baseKeyType":1,"closed":-1,"used":1693104389994,"created":1693104389994,"remoteIdentityKey":"BQg+RE4ZBngoBMW7DVZNHuOBogIa4GaQjKRZ+nlCaqNK"},"_chains":{"BaQur2p9TcIIBvVv79cY67/jxbj6bXCNoslm6ljJ7D1b":{"chainKey":{"counter":0,"key":"zT3RMREQyqfhHEM5ud2sktQMvKFw4eqfgNO6o+WnEhg="},"chainType":1,"messageKeys":{}}},"pendingPreKey":{"signedKeyId":6,"baseKey":"BdQzcALsLKozD9Z4XLcGDQVuWRHRCkCvqhoM48WBD1U/","preKeyId":15377479}}},"version":"v1"}