{"_sessions":{"BeWAYOkyfawgPKP5uUYQF8qNMDFTuy1WRMz+K3vdviwM":{"registrationId":599519124,"currentRatchet":{"ephemeralKeyPair":{"pubKey":"BZSXzRqc+tMU5PJNYfc1WubHnu04zJZkt0V+aK4rSmM6","privKey":"8KEXZtbzfb5FlSvnfDWxwk3BSlYlfm0MgklR57I3Qns="},"lastRemoteEphemeralKey":"BTjixY19pGuIbFv0iBcfYjYU5ECnRPQvTsJ3h7DI0rAd","previousCounter":0,"rootKey":"Knc3PxC5vKe4e69TSjMvc0SkogQFt0jVTFPFnXpHUkE="},"indexInfo":{"baseKey":"BeWAYOkyfawgPKP5uUYQF8qNMDFTuy1WRMz+K3vdviwM","baseKeyType":1,"closed":-1,"used":1693104390084,"created":1693104390084,"remoteIdentityKey":"BZWwFg8DCwCM4XI+cRpv/6Z51/ftw07l+bYudXe2jOYy"},"_chains":{"BZSXzRqc+tMU5PJNYfc1WubHnu04zJZkt0V+aK4rSmM6":{"chainKey":{"counter":0,"key":"ZyMLiF/mQDISCbkhj1srERFOyY3qBLPYvuCePN5qk/s="},"chainType":1,"messageKeys":{}}},"pendingPreKey":{"signedKeyId":1,"baseKey":"BeWAYOkyfawgPKP5uUYQF8qNMDFTuy1WRMz+K3vdviwM","preKeyId":4496489}}},"version":"v1"}