{"_sessions":{"Be5da0+ibCkAGVPqHFh3Cpt8je9jZfQWUhDGupNoblRV":{"registrationId":1039144705,"currentRatchet":{"ephemeralKeyPair":{"pubKey":"BaIoSxBaFxRlwSMTev6laXawuwhZjg4G/bXn2zSicWs3","privKey":"6Kw3WXMMBpbb5BDWsWU6X1cf1qaBeMSq8W4ZaH1b6FI="},"lastRemoteEphemeralKey":"BXjium0vifl000RkkuXgNfhDGUpW5yYeYRniXz47SUAR","previousCounter":0,"rootKey":"+VhcGncI/4NGtC6PDfgoXA+IX8JFBxUX5WdrudBIxrQ="},"indexInfo":{"baseKey":"Be5da0+ibCkAGVPqHFh3Cpt8je9jZfQWUhDGupNoblRV","baseKeyType":1,"closed":-1,"used":1693104350076,"created":1693104350076,"remoteIdentityKey":"BWBxZWsQNmlm3vMp1x/TvBIqg6I1nuD95jZ48V5uqbBw"},"_chains":{"BaIoSxBaFxRlwSMTev6laXawuwhZjg4G/bXn2zSicWs3":{"chainKey":{"counter":0,"key":"M5NaKk1xzF7T4BxpGf47seY8hw50nrq73ki5Gtj1hyM="},"chainType":1,"messageKeys":{}}},"pendingPreKey":{"signedKeyId":36,"baseKey":"Be5da0+ibCkAGVPqHFh3Cpt8je9jZfQWUhDGupNoblRV","preKeyId":15916828}}},"version":"v1"}