{"_sessions":{"BaOPck4sVl/UVBpCMqe4Lin07U0eOcw6FM2ELkae/IVY":{"registrationId":1974921922,"currentRatchet":{"ephemeralKeyPair":{"pubKey":"BRGZUvwQyRL4DPI3YM9AhncfPiSUHdhd+GXTpB/4DuNs","privKey":"qAmWJbruFqIXh0zC1AlwHXuFuZuV9OIjO3CAdc3ZdGY="},"lastRemoteEphemeralKey":"BSOLqoGYC4H8XfJXfxTHwFqT7K/Bfpx7aZ3WajO5wt9C","previousCounter":0,"rootKey":"vEXBE3ZK5qhRByLKhQ0y+/Oj8ypcDepFk/sb64dwoKI="},"indexInfo":{"baseKey":"BaOPck4sVl/UVBpCMqe4Lin07U0eOcw6FM2ELkae/IVY","baseKeyType":2,"closed":-1,"used":1693106127701,"created":1693106127701,"remoteIdentityKey":"BcU6scunUvFev1Yx/zJK94nkufRi790gDeWTz7ladKM+"},"_chains":{"BSOLqoGYC4H8XfJXfxTHwFqT7K/Bfpx7aZ3WajO5wt9C":{"chainKey":{"counter":3,"key":"NogJVbUtE3Rpb8NVSlblRbL0T8+PIOxrEfG0L+JzVZk="},"chainType":2,"messageKeys":{}},"BRGZUvwQyRL4DPI3YM9AhncfPiSUHdhd+GXTpB/4DuNs":{"chainKey":{"counter":-1,"key":"k24cwqT+i8+H1R7auaOPccO9OswS+UbsQCEhPk2U58o="},"chainType":1,"messageKeys":{}}}}},"version":"v1"}