{"_sessions":{"Bf2ooj/4y5fpjW0+0yV+R62IVTW3EJmvD0yhV+aH1mJ+":{"registrationId":1218300935,"currentRatchet":{"ephemeralKeyPair":{"pubKey":"BR5UyHrt9OcJQkGvn9LxKXj0j8f9f20jNzdvbe4vDlJ1","privKey":"SFmmHxf8q5ho++hlr8BkJqNje09Fk1w9DLSUzCoOCXg="},"lastRemoteEphemeralKey":"BT+4z2vk0COLQ9D460G0Gj+2UaqdBu6KhTUnrSgq08wd","previousCounter":0,"rootKey":"klaBFQYdDri9JDQeWGpX4uiL3sj6cIYEuPK1SYSG9/Q="},"indexInfo":{"baseKey":"Bf2ooj/4y5fpjW0+0yV+R62IVTW3EJmvD0yhV+aH1mJ+","baseKeyType":2,"closed":-1,"used":1693106101083,"created":1693106101083,"remoteIdentityKey":"BaYKtk6dyh1Kce6cn9iE/xgPfTA7Nx6trz3jMn8S4L0V"},"_chains":{"BT+4z2vk0COLQ9D460G0Gj+2UaqdBu6KhTUnrSgq08wd":{"chainKey":{"counter":1,"key":"zknmMFUYJZxaTZ5LgvxA7r6hQ+SS0DszyPdKpFdfzzo="},"chainType":2,"messageKeys":{}},"BR5UyHrt9OcJQkGvn9LxKXj0j8f9f20jNzdvbe4vDlJ1":{"chainKey":{"counter":-1,"key":"wyzNxnuzkkcIg3z7gNKxqJC5fVT+J3DxDpndRa3kG2s="},"chainType":1,"messageKeys":{}}}}},"version":"v1"}