{"_sessions":{"BWLct7/qYMLWfuY/hHMpUV3VeVJYXhsUR/J3jGtoFM98":{"registrationId":1291908432,"currentRatchet":{"ephemeralKeyPair":{"pubKey":"BWq7P4pM2Xlnj4tQdlwHFo4SpsI48GNmkRKrQKrRyRRp","privKey":"2JgHR0P3JvalwTqWnN9ZagjtlkeR0R5z02hmnqJOS2k="},"lastRemoteEphemeralKey":"Bb1Fnvilv1eZzzLM00tSdP42RNdkJl7PT2UaDIgNUWUE","previousCounter":0,"rootKey":"zFwoc037Y1nxjKOhbt/1v9cpyHwyV6LM0+MpKszol0A="},"indexInfo":{"baseKey":"BWLct7/qYMLWfuY/hHMpUV3VeVJYXhsUR/J3jGtoFM98","baseKeyType":2,"closed":-1,"used":1693106101118,"created":1693106101118,"remoteIdentityKey":"BbjJtrVh8jvWlzXIh4VNbTFCeeGdB1EXYaIzwIdTXiIm"},"_chains":{"Bb1Fnvilv1eZzzLM00tSdP42RNdkJl7PT2UaDIgNUWUE":{"chainKey":{"counter":0,"key":"g1g0Hq3F2qUj/4FhkwsoU+iHXs7E3G2cUleFc1P0Xgg="},"chainType":2,"messageKeys":{}},"BWq7P4pM2Xlnj4tQdlwHFo4SpsI48GNmkRKrQKrRyRRp":{"chainKey":{"counter":0,"key":"3cqDBqhYb2vN1KqkjXIVZKol7x0hUbkPNYL9moZCVNw="},"chainType":1,"messageKeys":{}}}}},"version":"v1"}