{"_sessions":{"BSNBNj1LxVtYkOxhk5jBANZ4b5HVzW8kogj4vBN+KEgv":{"registrationId":556959757,"currentRatchet":{"ephemeralKeyPair":{"pubKey":"Bbv/fkXDBqrpFF427RiI1v47Ex0fZ4r6k4jjLp2Sullj","privKey":"aNk8caX7mHbTVm5jj2Dypj82lfehBO+Uxc1amOs6708="},"lastRemoteEphemeralKey":"BcGSclSffxMe2AwZ/ZrQpKcq0YrG16NGmIXWDFfegugP","previousCounter":0,"rootKey":"0Urzp15Xa7GhNBkpiA//PpdhTP5LXo2De1k+gSpZOIc="},"indexInfo":{"baseKey":"BSNBNj1LxVtYkOxhk5jBANZ4b5HVzW8kogj4vBN+KEgv","baseKeyType":1,"closed":-1,"used":1693104381455,"created":1693104379528,"remoteIdentityKey":"BcxtDMewUAnG8srm+u0C5MMof+rIR+Pqcak4uJG5oXJv"},"_chains":{"BcGSclSffxMe2AwZ/ZrQpKcq0YrG16NGmIXWDFfegugP":{"chainKey":{"counter":0,"key":"/EQBZuvW31TexqEZFKwxiLPjAlfKindrgjNwC9hRMgg="},"chainType":2,"messageKeys":{}},"Bbv/fkXDBqrpFF427RiI1v47Ex0fZ4r6k4jjLp2Sullj":{"chainKey":{"counter":0,"key":"ZVdrl79lpRFQBAC5liWWr9AIyiAAxNJS0oEzWXxh1mU="},"chainType":1,"messageKeys":{}}}}},"version":"v1"}