{"_sessions":{"BbSrcEIMI2V0vyE28oZXUs8oIfs5exthGSPLWiUjc1Zy":{"registrationId":1884064768,"currentRatchet":{"ephemeralKeyPair":{"pubKey":"BQIQ9h5XHOkshpvKUqZVl3XydihbZagnJr7ayYzGY+N0","privKey":"wImvbnnKuCwZkYv15ygvPiKldTNocnPHXyYubCXUMGs="},"lastRemoteEphemeralKey":"BQyYdUpLC1nBgvg5ZCocEwLPXPY0xwMqzqkECLU2ORUe","previousCounter":0,"rootKey":"8fFgXoiyH2CVYPnaEWIqdVRfd0I32R6kOdy5zlCg6wk="},"indexInfo":{"baseKey":"BbSrcEIMI2V0vyE28oZXUs8oIfs5exthGSPLWiUjc1Zy","baseKeyType":2,"closed":-1,"used":1693106101203,"created":1693106101203,"remoteIdentityKey":"BerNIilHvefIRsAfQuLP/yiFIkOWJzQ1rwtsLGTwGqAM"},"_chains":{"BQyYdUpLC1nBgvg5ZCocEwLPXPY0xwMqzqkECLU2ORUe":{"chainKey":{"counter":3,"key":"9qn2GD9lEzrI5MTkrmK97GtVt/hpQOgrpAsUtBuaDEI="},"chainType":2,"messageKeys":{"0":"xQc1VWpt8taC1ln5pmncpQFaRd07g5beAcDdNiDuwWM="}},"BQIQ9h5XHOkshpvKUqZVl3XydihbZagnJr7ayYzGY+N0":{"chainKey":{"counter":-1,"key":"u4A+/fqndyQmcH5dua3KZ2HRnj8u1EH2IvUl4y2aZlc="},"chainType":1,"messageKeys":{}}}}},"version":"v1"}