{"_sessions":{"BbviuXE4K4pdGYpW8lm21Je3Md39yqkVkOQYYON3We01":{"registrationId":1489830404,"currentRatchet":{"ephemeralKeyPair":{"pubKey":"BVJzsQ+dNAjhc7Kfqi1UgQGjZuye4fDJykMga2RgZb01","privKey":"YDSJcL48tMQKo6isP7T7KSEKWyArjKiJu8xtHMxBqGg="},"lastRemoteEphemeralKey":"Ba0FPtSPxocIHq10d9p+OtzqlYMMRXwbXwM5AT+2uwBp","previousCounter":0,"rootKey":"rTzslJHpOgvQGw1hS2OyOFnvGhnz2Vz+jZH6UP2TwBA="},"indexInfo":{"baseKey":"BbviuXE4K4pdGYpW8lm21Je3Md39yqkVkOQYYON3We01","baseKeyType":2,"closed":-1,"used":1693106100968,"created":1693106100968,"remoteIdentityKey":"BTzaQ+HE+P8gPhd9xfva90kYORd8UVToQOZd9CzrvOY3"},"_chains":{"Ba0FPtSPxocIHq10d9p+OtzqlYMMRXwbXwM5AT+2uwBp":{"chainKey":{"counter":3,"key":"o/B775ZDDTYgwmhNRPwhwLBgtqD72dscq82W2e5n1zA="},"chainType":2,"messageKeys":{}},"BVJzsQ+dNAjhc7Kfqi1UgQGjZuye4fDJykMga2RgZb01":{"chainKey":{"counter":-1,"key":"zZHbFLAaQLyhUBvU9YKHhDr6RrVZNor0kmcHdTdwN2c="},"chainType":1,"messageKeys":{}}}}},"version":"v1"}