{"_sessions":{"BdXOMT9VUWlj6Mvc6nm4Df58M3/VcHNJEG7jjUZrYpwI":{"registrationId":366617162,"currentRatchet":{"ephemeralKeyPair":{"pubKey":"BY8Kqd4eI8nzkmS215TBdJbeSOj/AX2BOGqbUTpjaIp/","privKey":"uOeMosGmYMMDFjLrjVMjKPOcbAyzjB6R5apmnRXVUWc="},"lastRemoteEphemeralKey":"BZtaHeIkGqo5P5Dsm13k3iNqcRYP/NRrBBJiAsi4WvJk","previousCounter":0,"rootKey":"l51WsI2TyuQbjnpkvG6wuAl3rLBbz/IGNEuMOFb4/xw="},"indexInfo":{"baseKey":"BdXOMT9VUWlj6Mvc6nm4Df58M3/VcHNJEG7jjUZrYpwI","baseKeyType":2,"closed":-1,"used":1693106101223,"created":1693106101223,"remoteIdentityKey":"BWJYRdAiJBqgVwxujZ1iMx8VquhQQEgfe1qDZWbM9Wx0"},"_chains":{"BZtaHeIkGqo5P5Dsm13k3iNqcRYP/NRrBBJiAsi4WvJk":{"chainKey":{"counter":0,"key":"pDZXmkN/MF5cogSYXwX1FFBROB2jajBRGJfOYvet/mQ="},"chainType":2,"messageKeys":{}},"BY8Kqd4eI8nzkmS215TBdJbeSOj/AX2BOGqbUTpjaIp/":{"chainKey":{"counter":-1,"key":"jUwT0ssWsYuLYMWh5CQ1bbGR2wvqGNb5n11CtZaji3w="},"chainType":1,"messageKeys":{}}}}},"version":"v1"}