{"_sessions":{"BTGkmDUgK5dnmFYVrKZrrct262R1FI/+DDGD9RAEOPRN":{"registrationId":857695156,"currentRatchet":{"ephemeralKeyPair":{"pubKey":"BSnrg2me54XhWG/bE2nytwlYwlopIhSY2AZjAvcx5il6","privKey":"cCdRZD7/+X2p23BaV5CletW4k8hbsGe6j/LjgIWNzkg="},"lastRemoteEphemeralKey":"BbeqU5vy5FGScmLGN/HPejAcfOZygSeHw0NIY9z3qsga","previousCounter":0,"rootKey":"3RMfJaUroxkkl4v8lxk/4jpSERqnLJsJF7BW+n+TWjo="},"indexInfo":{"baseKey":"BTGkmDUgK5dnmFYVrKZrrct262R1FI/+DDGD9RAEOPRN","baseKeyType":1,"closed":-1,"used":1693106101775,"created":1693104324331,"remoteIdentityKey":"BS5GhynhoX3U/Fuf5ub2cARBf+zM4St4JU8yN6ysaMx/"},"_chains":{"BbeqU5vy5FGScmLGN/HPejAcfOZygSeHw0NIY9z3qsga":{"chainKey":{"counter":0,"key":"tAqtwU1w+bfvRoAr+KH/7oQzW93OdzY+zUWNFAnWybM="},"chainType":2,"messageKeys":{}},"BSnrg2me54XhWG/bE2nytwlYwlopIhSY2AZjAvcx5il6":{"chainKey":{"counter":5,"key":"V+J5XT+Cv6Bmnox9PITxUTl8t9+qaZa8YdlwlD6kVyQ="},"chainType":1,"messageKeys":{}}}}},"version":"v1"}