{"_sessions":{"BfnZJUoqtl8A6/QvwEiuT7B+TnJeB8dy4VK8Q53iInFi":{"registrationId":209030857,"currentRatchet":{"ephemeralKeyPair":{"pubKey":"BUsrTcpB7cO1HXXK+zUlGByt/kTuEQ/V/1R+augXQdB9","privKey":"qH9nhbjNXhMksE6VuKuhKMBsRatiYnscMq4PFdPyBmo="},"lastRemoteEphemeralKey":"BVGgtJjGqYAzek8c81hcJxj92TuDZeCigYLOzsm+IsNd","previousCounter":0,"rootKey":"8lMDwdrFoBDnAbEIpNA21BLYZUqG67mqOadcu7swMo8="},"indexInfo":{"baseKey":"BfnZJUoqtl8A6/QvwEiuT7B+TnJeB8dy4VK8Q53iInFi","baseKeyType":1,"closed":-1,"used":1693104389928,"created":1693104389928,"remoteIdentityKey":"BdaHA6JPQhHH01aawMyY+LPdv4P4A0eR8kl8JJ9/Wshg"},"_chains":{"BUsrTcpB7cO1HXXK+zUlGByt/kTuEQ/V/1R+augXQdB9":{"chainKey":{"counter":0,"key":"LHK9vwA44Bu/kytjEzDOHLJek3ruPhMbJWEx3at2/LA="},"chainType":1,"messageKeys":{}}},"pendingPreKey":{"signedKeyId":0,"baseKey":"BfnZJUoqtl8A6/QvwEiuT7B+TnJeB8dy4VK8Q53iInFi","preKeyId":10977811}}},"version":"v1"}