{"_sessions":{"BcgsPgGrrJbY5LTYz28gVamH08/mnXLR3ns2x2QMHocn":{"registrationId":655615854,"currentRatchet":{"ephemeralKeyPair":{"pubKey":"BcUMrBuaXb2YqvBJ6NLXSw5Pp7enH75q9o+j42Kkioto","privKey":"CFXVUgA4a0JbmSEjSB2LI/rMkwBH7X89uKcE+3o3QXw="},"lastRemoteEphemeralKey":"BangPoVMa8CDdKzzHCUWjL+hJaQy+um9FPBC20S7y/Qy","previousCounter":0,"rootKey":"s1khonhNORefoHAld2Sw2MEYpHy7rjkzKi2ODoxVsvM="},"indexInfo":{"baseKey":"BcgsPgGrrJbY5LTYz28gVamH08/mnXLR3ns2x2QMHocn","baseKeyType":2,"closed":-1,"used":1693104324691,"created":1693104324691,"remoteIdentityKey":"BSqRpKWWNJT9SzET7UirKLLZi/OLNCBFibOMwgZWWMgP"},"_chains":{"BangPoVMa8CDdKzzHCUWjL+hJaQy+um9FPBC20S7y/Qy":{"chainKey":{"counter":1,"key":"gGEjsv97s9on5H4QEBhYl3FpVzsRDxXq0YW86Jdk2f0="},"chainType":2,"messageKeys":{}},"BcUMrBuaXb2YqvBJ6NLXSw5Pp7enH75q9o+j42Kkioto":{"chainKey":{"counter":-1,"key":"DMZ+yArqnI9zp/JSXPSw3c1do5FbvZ26dByZEmSVQdU="},"chainType":1,"messageKeys":{}}}}},"version":"v1"}