{"_sessions":{"BXyzITba948lff08dT4EOc3Vh2RGoErmrI3NBtLkxp0n":{"registrationId":188,"currentRatchet":{"ephemeralKeyPair":{"pubKey":"BRuhojF/FPBIJGbDBUhZnYm6h9rP7KV0x5D/TY385KpU","privKey":"qHNNYTHTeQxgC/lupA5e1u8M7X80zBohD8G+MVhOdWM="},"lastRemoteEphemeralKey":"BXOnncrYaDaSNjBe8i4A6DudPerPtTPisSjxQAhUPkxK","previousCounter":9,"rootKey":"8Vk+49mV1q3EmRkjXobOJE3TZ07bjKJyo6uJcTlZF+M="},"indexInfo":{"baseKey":"BXyzITba948lff08dT4EOc3Vh2RGoErmrI3NBtLkxp0n","baseKeyType":1,"closed":-1,"used":1693106101696,"created":1693104324233,"remoteIdentityKey":"BWZQKRyiSiYAVTKv+uYt1bSm89UX3ki3O7H5qNbogsMw"},"_chains":{"BXOnncrYaDaSNjBe8i4A6DudPerPtTPisSjxQAhUPkxK":{"chainKey":{"counter":0,"key":"uwdApPK4WJpYXdKKmvCbxAxtz0NKyCCeXyp4qKXUmtU="},"chainType":2,"messageKeys":{}},"BRuhojF/FPBIJGbDBUhZnYm6h9rP7KV0x5D/TY385KpU":{"chainKey":{"counter":7,"key":"20Z+UP6+/MOqpHNceyAy8aMIsis+GyJcfG41wF/cX+s="},"chainType":1,"messageKeys":{}}}}},"version":"v1"}