{"_sessions":{"BWQzrGmeHIDK//fZhXboCWWH983ayNP065tR9/Nvh59D":{"registrationId":110300497,"currentRatchet":{"ephemeralKeyPair":{"pubKey":"BX9AEWwH7WuY4TXT3S5zrBfiyCmE75XvjM9/zFZa1M9f","privKey":"iJ1EmEXi0HOk0aaeZEUst+VTZyGHQNAKZ1csT907Xm8="},"lastRemoteEphemeralKey":"BW1f2l5+ZvtKL1jQdk6dcEBbOVdx/yorzRpWtQ8R1fpY","previousCounter":0,"rootKey":"cygj0IWKkFgIaPMOeQLkV7THlxQ+2oibRMnjmK1e0DU="},"indexInfo":{"baseKey":"BWQzrGmeHIDK//fZhXboCWWH983ayNP065tR9/Nvh59D","baseKeyType":2,"closed":-1,"used":1693106101066,"created":1693106101066,"remoteIdentityKey":"BZ8WoJdgJkBzinx3bO4WfRrwyRVIL7f6Ay5CdSZDMq1k"},"_chains":{"BW1f2l5+ZvtKL1jQdk6dcEBbOVdx/yorzRpWtQ8R1fpY":{"chainKey":{"counter":0,"key":"y1eCTtWzLRj02peqK2GUznuFYShJm5FlKos5/t/R/HI="},"chainType":2,"messageKeys":{}},"BX9AEWwH7WuY4TXT3S5zrBfiyCmE75XvjM9/zFZa1M9f":{"chainKey":{"counter":-1,"key":"m8k+iuU3B4Df0TA2wNbKq2xCez3oXKDMYhBVrwzlJz8="},"chainType":1,"messageKeys":{}}}}},"version":"v1"}